Date,Close,High,Low,Open,Volume
2016-02-09,21.53350067138672,21.748859389887787,21.293207391536537,21.374816756301687,177324800
2016-02-10,21.370296478271484,21.84181718886711,21.331759176897858,21.744339366287498,169374400
2016-02-11,21.241079330444336,21.472306570299025,20.98945060270443,21.261482547855483,200298800
2016-02-12,21.306819915771484,21.42243353339356,21.084662314330053,21.35215943715558,161405600
2016-02-16,21.907556533813477,21.95516173708531,21.44737117265978,21.540314170611637,196231600
2016-02-17,22.243061065673828,22.263462553478085,21.79647671768187,21.914356016111405,179452800
2016-02-18,21.8214054107666,22.417605649935677,21.78286639803622,22.406270340981095,156084000
2016-02-19,21.771535873413086,21.93475465991879,21.71713018775304,21.76246797088215,141496800
2016-02-22,21.961952209472656,21.966487024586485,21.744327781189735,21.83273765113201,137123200
2016-02-23,21.46550178527832,21.87581443522661,21.43376499078097,21.853145543375017,127770400
2016-02-24,21.78513526916504,21.848608852713806,21.154930790323082,21.304548576852696,145022800
2016-02-25,21.93475341796875,21.93475341796875,21.59244746729102,21.773802048590266,110330800
2016-02-26,21.9687557220459,22.220382630830805,21.89394683400225,22.034494979329367,115964400
2016-02-29,21.91888999938965,22.267996523477894,21.909822095312908,21.957427294571414,140865200
2016-03-01,22.789384841918945,22.843790529227164,22.08437139689242,22.136511405643443,201628400
2016-03-02,22.839256286621094,22.870993080071727,22.587627617458562,22.784850602066513,132678400
2016-03-03,23.009275436401367,23.05688062631293,22.771247757318044,22.800718872162474,147822800
2016-03-04,23.351587295532227,23.519339206569647,22.97981185511094,23.206504281198356,184220400
2016-03-07,23.09314727783203,23.31077169764736,22.88685643630986,23.211026523326737,143315600
2016-03-08,22.90273094177246,23.06821714064854,22.759915364583282,22.846057846606428,126247600
2016-03-09,22.923133850097656,23.027412136271312,22.730443945478886,22.96620422577282,108806800
2016-03-10,22.934471130371094,23.17703194439298,22.703245628869972,22.98887855503972,134054400
2016-03-11,23.181564331054688,23.186097417872265,23.009277630050175,23.17702951471143,109632800
2016-03-14,23.240503311157227,23.328914935369426,23.0727514250246,23.10222254293723,100304400
2016-03-15,23.70748519897461,23.84350025630471,23.541999030714035,23.566935326335837,160270800
2016-03-16,24.0225887298584,24.099663299082888,23.70975217835212,23.714286993909667,153214000
2016-03-17,23.98404312133789,24.135926528820786,23.79362071309272,23.920567832239644,137682800
2016-03-18,24.01125717163086,24.142739170934313,23.8457726979607,24.10646755890895,176820800
2016-03-21,24.008989334106445,24.40343356702225,23.834435243600403,24.01352242043917,142010800
2016-03-22,24.192611694335938,24.32182628508781,23.850305707439503,23.85937361041647,129777600
2016-03-23,24.058862686157227,24.271954085834214,24.006724405082437,24.138206406139542,102814000
2016-03-24,23.954578399658203,24.0860603678109,23.777758656740904,23.9092406248936,104532000
2016-03-28,23.845773696899414,24.072466092977475,23.8163025785128,24.02939398427441,77645600
2016-03-29,24.410236358642578,24.435172659633167,23.775496981742304,23.77776438988481,124760400
2016-03-30,24.83641815185547,25.031373749204025,24.618793660995017,24.63012897251382,182404400
2016-03-31,24.707204818725586,24.91349573813298,24.68226851573072,24.87269103591645,103553600
2016-04-01,24.933897018432617,24.93616442673863,24.528117407945324,24.659599417281587,103496000
2016-04-04,25.19005584716797,25.432616604933102,24.99736595616047,25.03137015631035,149424800
2016-04-05,24.893085479736328,25.10164374846506,24.804675604866937,24.82507881496581,106314800
2016-04-06,25.153785705566406,25.158320521597677,24.754806641567157,24.988301240461844,105616400
2016-04-07,24.60519027709961,25.03137131404998,24.509979895896688,24.924825622431,127207600
2016-04-08,24.632389068603516,24.88401596027356,24.52130858317575,24.689062150322712,94326800
2016-04-11,24.713998794555664,25.074440523970477,24.670928424902264,24.702665214973337,117630000
2016-04-12,25.03590965270996,25.049510643502522,24.632397450289883,24.786546624674372,108929200
2016-04-13,25.398624420166016,25.466631123112393,25.117526243029836,25.117526243029836,133029200
2016-04-14,25.412220001220703,25.47796101073229,25.237667598364762,25.303408607876353,101895600
2016-04-15,24.90216064453125,25.45755808121414,24.874958662498756,25.41448597029494,187756000
2016-04-18,24.364896774291992,24.698133106562672,24.242482686518354,24.684532117763,243286000
2016-04-19,24.235675811767578,24.48276960071386,24.081524971026525,24.455565900750702,129539600
2016-04-20,24.285554885864258,24.503179370640357,24.04299410006453,24.17447610009353,122444000
2016-04-21,24.0225887298584,24.240213179435376,23.920576134118157,24.240213179435376,126210000
2016-04-22,23.956846237182617,24.13820079854611,23.716552913472476,23.804962786517727,134732400
2016-04-25,23.820844650268555,23.950059286207924,23.69163001432918,23.802708837972368,112126400
2016-04-26,23.655345916748047,23.870704682776815,23.55560246076426,23.55560246076426,224064800
2016-04-27,22.175048828125,22.376804910562402,21.689927267036683,21.76246876039029,458408400
2016-04-28,21.49724006652832,22.188650828210754,21.365758063359937,22.12744464302586,328970800
2016-04-29,21.25014877319336,21.472308124672466,20.971318041422034,21.306821883011636,274126000
2016-05-02,21.227476119995117,21.327221329078526,20.94637802929049,21.302285026807674,192640400
2016-05-03,21.576581954956055,21.70352914111735,21.236543366716273,21.35442264964809,227325200
2016-05-04,21.352155685424805,21.739799445136008,21.268278882746422,21.58111374246276,164102000
2016-05-05,21.265483856201172,21.454784488368706,21.13776378633173,21.438819479635022,143562000
2016-05-06,21.146896362304688,21.313388422183426,20.94847253061062,21.295143932646955,174799600
2016-05-09,21.162851333618164,21.386361449846856,21.11723578128702,21.21074635852431,131745600
2016-05-10,21.30654525756836,21.340756501011796,21.007770660945,21.286019555535972,134747200
2016-05-11,21.098997116088867,21.340753519887194,21.087592789848767,21.320227820722074,114876400
2016-05-12,20.604074478149414,21.160572087929754,20.405652462245044,21.14688829098616,305258800
2016-05-13,20.645124435424805,20.90740819021013,20.52652748668164,20.52652748668164,177571200
2016-05-16,21.41145896911621,21.5277765035595,20.902857952729107,21.071631220314156,245039200
2016-05-17,21.322505950927734,21.598473576008658,21.213032082163878,21.56426407955481,187667600
2016-05-18,21.566545486450195,21.714793031247805,21.41373725506838,21.475317834318677,168249600
2016-05-19,21.48443603515625,21.58478852575027,21.340750938214907,21.58478852575027,121768400
2016-05-20,21.717071533203125,21.76496656660928,21.557419681793558,21.584789018049523,128104000
2016-05-23,21.993038177490234,22.16637381934643,21.81970253563404,21.86531809404653,152074400
2016-05-24,22.328310012817383,22.371642627703025,22.08655185057322,22.173220560456528,140560800
2016-05-25,22.72059440612793,22.74796200613963,22.3762042721811,22.503924379051572,152675200
2016-05-26,22.900766372680664,22.97374952160235,22.497076970789223,22.734272639798576,225324800
2016-05-27,22.8870849609375,22.914454299236763,22.636205450056355,22.679539800682896,145364800
2016-05-31,22.775327682495117,22.89848708290381,22.53813199356604,22.71602832524893,169228800
2016-06-01,22.45602798461914,22.702346810204308,22.426379173042644,22.583748083786627,116693200
2016-06-02,22.287254333496094,22.314621931348405,22.03865429931745,22.25988499558797,160766400
2016-06-03,22.332868576049805,22.41269363804458,22.225674175632886,22.303219764467702,114019600
2016-06-06,22.494802474975586,23.238319722918746,22.24848536134896,22.348836133546456,93170000
2016-06-07,22.586029052734375,22.777610939469497,22.5700640405111,22.636205302594902,89638000
2016-06-08,22.56549835205078,22.7069022175243,22.506199002628257,22.583742833364646,83392400
2016-06-09,22.727432250976562,22.80497609058185,22.456025332246774,22.465148443974865,106405600
2016-06-10,22.54041290283203,22.6590098756707,22.4605878499545,22.47199043461949,126851600
2016-06-13,22.200586318969727,22.606557013557584,22.145849381519177,22.508485724761755,152082000
2016-06-14,22.227951049804688,22.46058603084139,22.0660197442094,22.19602103123973,127727600
2016-06-15,22.15497398376465,22.444627183192612,22.129885856568336,22.310063433680035,117780800
2016-06-16,22.248477935791016,22.29409174974273,21.910929796359763,21.997596738890206,125307200
2016-06-17,21.742162704467773,22.043218485265697,21.73532080445854,22.036376585256466,244032800
2016-06-20,21.689699172973633,22.02496610012959,21.673734164064086,21.894964816136,137647600
2016-06-21,21.874441146850586,21.97479189497669,21.59391111854967,21.65321047429848,142185600
2016-06-22,21.792339324951172,22.097955797550195,21.746723757361476,21.951989461375142,116876400
2016-06-23,21.917781829833984,21.961116191165942,21.723920420809147,21.881291109809393,128960800
2016-06-24,21.30198097229004,21.589352932595514,21.130926524022275,21.1902258866374,301245600
2016-06-27,20.991804122924805,21.222157956003795,20.868644699498095,21.210753628998063,181958400
2016-06-28,21.34531021118164,21.36127696095166,21.01460569278681,21.187941326869236,161779600
2016-06-29,21.53005027770996,21.564261510143265,21.354433429911598,21.431979006097457,146124000
2016-06-30,21.803743362426758,21.842515292415538,21.507249983619733,21.539180013028858,143345600
2016-07-01,21.86988067626953,22.00216319705296,21.74216058175079,21.778651291589384,104106000
2016-07-05,21.664613723754883,21.75812431607707,21.543735535674536,21.755843103078664,110820800
2016-07-06,21.787778854370117,21.817429410979575,21.52321549882012,21.575671231188004,123796400
2016-07-07,21.881284713745117,22.00900480658205,21.808301554973188,21.82654603962435,100558400
2016-07-08,22.05005645751953,22.097951489108617,21.906371362752264,22.006722111772223,115648400
2016-07-11,22.118480682373047,22.271288901016842,22.06146253451589,22.06602322071992,95179600
2016-07-12,22.218830108642578,22.28269015200899,22.150409379345284,22.16181196420033,96670000
2016-07-13,22.093395233154297,22.275852284355423,22.08655159293596,22.21655465624445,103568800
2016-07-14,22.531291961669922,22.576905784835496,22.196024967229924,22.211989979343457,155676000
2016-07-15,22.529014587402344,22.647613331931172,22.465154528066563,22.560944617070234,120548000
2016-07-18,22.76848793029785,22.83690866582766,22.487957868463706,22.510764780306978,145975600
2016-07-19,22.777612686157227,22.807261499686675,22.656732738561878,22.706908992270144,95119600
2016-07-20,22.79813575744629,22.91217205179529,22.747959509523806,22.8072588698009,105104000
2016-07-21,22.677255630493164,23.03532949461918,22.608833163694822,22.76848500620575,130808000
2016-07-22,22.501646041870117,22.64761238282225,22.421819230989637,22.638489269005735,113254800
2016-07-25,22.200586318969727,22.54269522313343,22.104796243417297,22.408133222722523,161531600
2016-07-26,22.04777717590332,22.34427224320496,21.990759027580374,22.081988412908245,224959200
2016-07-27,23.480077743530273,23.799379789602447,23.43446391125832,23.7811335606712,369379200
2016-07-28,23.797094345092773,23.822182470398786,23.450424757314188,23.45270597053906,159479200
2016-07-29,23.76744842529297,23.844994023871223,23.64657021050481,23.762887738344162,110934800
2016-08-01,24.187097549438477,24.209904459186337,23.81305866139538,23.81305866139538,152671600
2016-08-02,23.829023361206055,24.191657919614244,23.719547759767256,24.18709723374647,135266400
2016-08-03,24.1278018951416,24.139204481737742,23.895166855864243,23.904289969174723,120810400
2016-08-04,24.276851654052734,24.306661080281017,24.141558951516682,24.210352088329202,109634800
2016-08-05,24.646038055419922,24.685020016811045,24.347936792998272,24.36857368450575,162213600
2016-08-08,24.850126266479492,24.850126266479492,24.572663599049427,24.655212928246623,112148800
2016-08-09,24.951013565063477,24.98082473744984,24.76756813648853,24.818016197928273,105260800
2016-08-10,24.765275955200195,24.971653604723272,24.710242498488057,24.928084503856724,96034000
2016-08-11,24.749217987060547,24.978526037807153,24.730872923125236,24.884508897249884,109938000
2016-08-12,24.80655288696289,24.86617348896816,24.714829287604516,24.714829287604516,74641600
2016-08-15,25.104652404785156,25.118410331415113,24.783620704057384,24.797378630687337,103472800
2016-08-16,25.08171844482422,25.276631722389645,25.042736489103895,25.139045467759484,135177600
2016-08-17,25.04503059387207,25.079427158262995,24.843238349169017,25.017512992462944,101424000
2016-08-18,25.0129337310791,25.132173200780876,24.999174052261015,25.04733030390077,87938800
2016-08-19,25.077133178710938,25.152805269241206,24.847825085818176,24.941840494173615,101472400
2016-08-22,24.882225036621094,25.017515990092335,24.730880834959557,24.962482530161843,103280800
2016-08-23,24.960189819335938,25.06796492129755,24.886811287072188,24.900569215158452,85030800
2016-08-24,24.772153854370117,24.937255966895645,24.691896368970756,24.895980438764262,94700400
2016-08-25,24.666675567626953,24.73776052836212,24.46259147111189,24.6254000340912,100344800
2016-08-26,24.5222110748291,24.753811017933824,24.377745838605023,24.629986171859084,111065200
2016-08-29,24.494693756103516,24.63686542291551,24.373160730199427,24.448832831058173,99881200
2016-08-30,24.306659698486328,24.421313753667867,24.19200564330479,24.26079877620653,99455600
2016-08-31,24.32958984375,24.437364934138508,24.224108324290317,24.22869546614797,118649600
2016-09-01,24.474056243896484,24.490107742203424,24.219524092542073,24.338763544324756,106806000
2016-09-02,24.70336151123047,24.765273926274116,24.494690307841104,24.69648079890837,107210000
2016-09-06,24.696481704711914,24.834067964489712,24.65291435529878,24.74234437446517,107521600
2016-09-07,24.84782600402832,24.939549594471302,24.55201834332775,24.726292990221214,169457200
2016-09-08,24.19658851623535,24.597877667585927,24.132382531936354,24.593292275628226,212008000
2016-09-09,23.64854621887207,24.24245517027927,23.64854621887207,23.99480197626819,186228000
2016-09-12,24.178251266479492,24.242457266891048,23.510963727597325,23.53848133469469,181171200
2016-09-13,24.753808975219727,24.946428691129242,24.59100043231589,24.652914599726156,248704800
2016-09-14,25.6297664642334,25.918695170200444,24.902860181668384,24.93267135538019,443554800
2016-09-15,26.501134872436523,26.537825005177208,26.024173643698507,26.109018263549984,359934400
2016-09-16,26.35209083557129,26.629553472997593,26.1503003036655,26.39795351292414,319547600
2016-09-19,26.04481315612793,26.64101383734844,25.969141066918212,26.413999319201167,188092000
2016-09-20,26.042526245117188,26.168646426052174,25.799460168568665,25.92328677817329,138057200
2016-09-21,26.037939071655273,26.138833460022518,25.783406905340314,26.106730461521728,144012800
2016-09-22,26.283296585083008,26.35667511138436,26.14112492497574,26.221382414761266,124296000
2016-09-23,25.84531021118164,26.32227137700637,25.579313781825043,26.237426768346275,209924800
2016-09-26,25.884292602539062,26.001240200371413,25.579314219184173,25.599951104370202,119477600
2016-09-27,25.932451248168945,25.9530898861506,25.76047017941008,25.911814359669194,98429600
2016-09-28,26.12965965270996,26.287882815819597,26.010420199723853,26.070040800957965,118564400
2016-09-29,25.723783493041992,26.09526325590385,25.636647042263935,25.948506207497637,143548000
2016-09-30,25.92329216003418,25.99667071249872,25.63665691611289,25.787999415172333,145516400
2016-10-03,25.80175018310547,25.923284962349022,25.746716721407957,25.845319287918862,86807200
2016-10-04,25.911821365356445,26.21221448683728,25.826976718682772,25.92557929474263,118947200
2016-10-05,25.92329216003418,26.063170299026382,25.840741069826233,26.0035496784356,85812400
2016-10-06,26.115896224975586,26.21908415776011,25.941621600101378,26.072327131386597,115117200
2016-10-07,26.154876708984375,26.26953073874423,26.028758325937524,26.212203723864302,97433600
2016-10-10,26.611204147338867,26.771719108151746,26.30622397231254,26.375015348597262,144944000
2016-10-11,26.668527603149414,27.21657371683682,26.64559539797223,26.989557481850433,256164000
2016-10-12,26.90701675415039,27.05377557570834,26.771725789057832,26.909310325443467,150347200
2016-10-13,26.824459075927734,26.929940579281354,26.53553041488327,26.780889982342764,140769600
2016-10-14,26.9735050201416,27.09733157583282,26.858850996295836,27.030832032064485,142608800
2016-10-17,26.955167770385742,27.021665579633385,26.778599554228744,26.9047197086266,94499600
2016-10-18,26.93682289123535,27.10651039603755,26.932235749507687,27.099631432928025,98214000
2016-10-19,26.856565475463867,27.00332252045422,26.09526264852068,26.886374898843105,80138400
2016-10-20,26.84280014038086,26.916178647405427,26.67540624130056,26.796939229546105,96503200
2016-10-21,26.73732566833496,26.808412373125577,26.663947142037795,26.785480162203534,92770800
2016-10-24,26.97809600830078,26.998732895785007,26.82904540614804,26.85197586429112,94154800
2016-10-25,27.115680694580078,27.140904723556837,26.900130537681154,27.04688757019222,192516000
2016-10-26,26.505725860595703,26.530949894810167,25.982903605027158,26.21221173462615,264536800
2016-10-27,26.25119400024414,26.567638571846132,26.164055796127844,26.459863476954137,138248000
2016-10-28,26.07691764831543,26.41858623055785,26.01500348104425,26.11131421352364,151446800
2016-10-31,26.035642623901367,26.193865777232485,25.95767695795487,26.06086665557682,105677600
2016-11-01,25.565567016601562,26.088389356782322,25.345431386498216,26.01730438493673,175303200
2016-11-02,25.58848762512207,25.76276225453521,25.505938326433526,25.544920279880134,113326800
2016-11-03,25.314210891723633,25.689901445652822,25.24967526365864,25.57926944281683,107730400
2016-11-04,25.086036682128906,25.411022025566464,24.917783280668004,25.01458675206725,123348000
2016-11-07,25.44789695739746,25.47094514851172,25.22893474565132,25.37183634410256,130240000
2016-11-08,25.597707748413086,25.74982895521074,25.284247466342794,25.424843699850676,97016800
2016-11-09,25.55621910095215,25.65763323403363,24.903946791576512,25.325733713740757,236705600
2016-11-10,24.84402084350586,25.6046215890325,24.392269682040972,25.6046215890325,228538000
2016-11-11,24.991535186767578,25.092949338438874,24.55822321242851,24.689599836882564,136575600
2016-11-14,24.364612579345703,24.84863159062477,23.988921992562226,24.825583401223696,204702000
2016-11-15,24.68729019165039,24.818666793229063,24.468329775173924,24.562827870397335,129058000
2016-11-16,25.35109519958496,25.406412975962784,24.569749632509346,24.592797826767857,235362000
2016-11-17,25.341873168945312,25.434067695708052,25.083730604166846,25.309605348348004,110528000
2016-11-18,25.367229461669922,25.477863257488643,25.275036683362938,25.28886524841608,113715600
2016-11-21,25.752140045166016,25.81206499593885,25.35570479069008,25.381058330811058,117058400
2016-11-22,25.768266677856445,25.911166490759495,25.676072172408844,25.802838078743356,103862000
2016-11-23,25.636890411376953,25.701426038487547,25.429453211047218,25.6668528786886,109705600
2016-11-25,25.765960693359375,25.7843999456849,25.572352060869157,25.613839499369643,45903600
2016-11-28,25.71525764465332,25.92269486955125,25.673770199673733,25.682989827276327,108776000
2016-11-29,25.68990707397461,25.821283705165236,25.36953245127354,25.533176903566115,114115200
2016-11-30,25.473247528076172,25.86046309920215,25.41562617379233,25.722172200613766,144649200
2016-12-01,25.23583984375,25.570044647913697,25.129816796435055,25.43866807206,148347600
2016-12-02,25.33034896850586,25.374140004207796,25.088338564959518,25.16209383181276,106112000
2016-12-05,25.148263931274414,25.360310092391664,24.95004633243658,25.353395811251954,137298000
2016-12-06,25.341873168945312,25.436373042454814,25.166705502406877,25.238155425377442,104782000
2016-12-07,25.590801239013672,25.627679757968664,25.159794539130733,25.18284273424532,119994800
2016-12-08,25.842023849487305,25.913473761244525,25.4916850544639,25.551611751224442,108273200
2016-12-09,26.263811111450195,26.436675164641304,25.88581518914943,25.88581518914943,137610400
2016-12-12,26.113998413085938,26.50582291805411,25.927304029820526,26.111693066549183,105497600
2016-12-13,26.549612045288086,26.717865391499608,26.217712528374275,26.23845536894942,174935200
2016-12-14,26.549612045288086,26.78240101790753,26.501210325482145,26.515038885865575,136127200
2016-12-15,26.694820404052734,26.904562973479848,26.558834854747445,26.59340625984937,186098000
2016-12-16,26.72939682006836,26.85155382219702,26.65564154943609,26.844639540335297,177404400
2016-12-19,26.883819580078125,27.054378300614168,26.67868769442234,26.690212668950327,111117600
2016-12-20,26.955272674560547,27.08204037544842,26.893042376783864,26.906870941075475,85700000
2016-12-21,26.980619430541992,27.05898537823991,26.916083802122525,26.920694494703337,95132800
2016-12-22,26.803152084350586,26.853859162610323,26.653336196346185,26.816980648070746,104343600
2016-12-23,26.856163024902344,26.856163024902344,26.641811492731268,26.641811492731268,56998000
2016-12-27,27.026723861694336,27.151186213418192,26.84924908372231,26.85616336574068,73187600
2016-12-28,26.911479949951172,27.201890332679678,26.78240691027418,27.086647614892843,83623600
2016-12-29,26.90456771850586,26.992151557651038,26.8285070969389,26.84003031451712,60158000
2016-12-30,26.694820404052734,27.012889640239454,26.604931233859443,26.886123718449394,122345200
2017-01-03,26.770883560180664,26.812371008715775,26.45050894700677,26.690214009824704,115127600
2017-01-04,26.740922927856445,26.853862072021723,26.67869262590918,26.701740820761334,84472400
2017-01-05,26.876909255981445,26.93453062017685,26.69252018717036,26.717873728093494,88774400
2017-01-06,27.176532745361328,27.23415409194198,26.84463322634831,26.91608313339986,127007600
2017-01-09,27.42546272277832,27.52687688171069,27.183454059595714,27.185757647960976,134247600
2017-01-10,27.453121185302734,27.51535148102723,27.266428539664876,27.37475522048423,97848400
2017-01-11,27.600629806518555,27.642117253601786,27.33557121451258,27.367839033525733,110354400
2017-01-12,27.48539161682129,27.496916593421705,27.245686522941863,27.404722056011995,108344800
2017-01-13,27.436986923217773,27.57066890013058,27.383974498419818,27.453120833640746,104447600
2017-01-17,27.658252716064453,27.713568729126564,27.247988915463793,27.275646042762673,137759200
2017-01-18,27.65595245361328,27.77350054163679,27.591416800099093,27.658257800800122,94852000
2017-01-19,27.6075439453125,27.678993864406134,27.513045835394877,27.519960116795648,102389200
2017-01-20,27.658252716064453,27.761970460363955,27.596022421177622,27.761970460363955,130391600
2017-01-23,27.676687240600586,27.84494059777907,27.605235570879703,27.65824798657816,88200800
2017-01-24,27.651330947875977,27.6812934138258,27.54300253937943,27.55452751160991,92844000
2017-01-25,28.09156036376953,28.1422674339267,27.722784069622943,27.755051885456766,129510400
2017-01-26,28.105396270751953,28.220638995485604,28.027030303531564,28.0431642146557,105350400
2017-01-27,28.107698440551758,28.199892967378492,28.027028889002494,28.151491236448933,82251600
2017-01-30,28.0339412689209,28.0339412689209,27.810371886498583,27.872602176767842,121510000
2017-01-31,27.96940040588379,27.978620032064708,27.80114706385776,27.9233040334431,196804000
2017-02-01,29.674997329711914,30.076043219912517,29.273953197975487,29.27856213257431,447940000
2017-02-02,29.624292373657227,29.82250998639,29.45142829919011,29.497526440793255,134841600
2017-02-03,29.751062393188477,29.7764159334382,29.539016200613,29.573587611440406,98029200
2017-02-06,30.029951095581055,30.078354592949616,29.709576424885046,29.76259061650996,107383600
2017-02-07,30.315750122070312,30.44482140780631,30.06682542089571,30.0875682667614,152735200
2017-02-08,30.43328857421875,30.474777772166192,30.244292388027546,30.274256613382484,92016400
2017-02-09,30.65320587158203,30.66015013053384,30.35227503235655,30.474961650073816,113399600
2017-02-10,30.583757400512695,30.773576549751276,30.56755530826191,30.662464882881196,80262000
2017-02-13,30.854597091674805,30.977287244137845,30.729596895748088,30.805987277994184,92141600
2017-02-14,31.25506591796875,31.271268010618112,30.84533700032468,30.896263918096317,132904800
2017-02-15,31.368488311767578,31.54441893250592,31.162467083936598,31.37080541920422,142492400
2017-02-16,31.331451416015625,31.458765158444447,31.213391974029697,31.4055246734919,90338400
2017-02-17,31.417112350463867,31.442575815708132,31.27359292754739,31.27359292754739,88792800
2017-02-21,31.643959045410156,31.655533987306967,31.4772897721899,31.53516094949759,98028800
2017-02-22,31.738862991333008,31.741176566431246,31.50737832318301,31.581451580259632,83347600
2017-02-23,31.604612350463867,31.82452215454914,31.551371847452618,31.801375799063656,83152800
2017-02-24,31.63470458984375,31.63470458984375,31.315254526691003,31.461091039378427,87106400
2017-02-27,31.69720458984375,31.815264070954736,31.546740917740898,31.745817940685377,81029600
2017-02-28,31.71108627319336,31.81525366844975,31.643953740751495,31.731919045809484,93931600
2017-03-01,32.359249114990234,32.442583759753184,31.852300519207052,31.919429537293766,145658400
2017-03-02,32.167118072509766,32.47267606453608,32.120818303017344,32.40786062585848,104844000
2017-03-03,32.356929779052734,32.36850472002137,32.08146243200919,32.12544508838435,84432400
2017-03-06,32.25507736206055,32.35461762013714,32.083780944059676,32.26202162051052,87000000
2017-03-07,32.2967529296875,32.40323393541779,32.12776652100481,32.190268391780286,69785200
2017-03-08,32.17635726928711,32.3615456434589,32.134691739490044,32.16478233361866,74828800
2017-03-09,32.10230255126953,32.12776601435599,31.724984821031658,32.116194602915954,88623600
2017-03-10,32.20877456665039,32.25970147302597,32.09303223982871,32.23423801983818,78451200
2017-03-13,32.22267532348633,32.2759158250435,32.13471352356076,32.14165778323444,69686800
2017-03-14,32.17405700683594,32.32683421147691,32.139332185463424,32.24581669262619,61236400
2017-03-15,32.51435089111328,32.581479917246654,32.18332584811714,32.2712911870714,102767200
2017-03-16,32.567588806152344,32.643979194613266,32.468048530699576,32.574533065814535,76928000
2017-03-17,32.40554428100586,32.63934255538655,32.38239439823795,32.63934255538655,175540000
2017-03-20,32.745826721191406,32.75508455489394,32.461098001328324,32.50044997587236,86168000
2017-03-21,32.37082290649414,33.056019242634676,32.34535944560636,32.896294218172855,158119600
2017-03-22,32.7365608215332,32.778229897864115,32.352295430837245,32.37313173509053,103440800
2017-03-23,32.620826721191406,32.773607485999605,32.54906702225389,32.69953067924052,81385200
2017-03-24,32.555999755859375,32.81063427372709,32.48887076415351,32.75507668832632,89582400
2017-03-27,32.611572265625,32.690276231829365,32.0884144771652,32.26665872124432,94300400
2017-03-28,33.28749465942383,33.343048716972746,32.551371607320455,32.61850413642617,133499200
2017-03-29,33.361568450927734,33.447220177987944,33.14628941010686,33.25971463421331,116760000
2017-03-30,33.317604064941406,33.44955209043194,33.21806730087878,33.377792370818874,84829200
2017-03-31,33.25510025024414,33.39630608995485,33.104633042453756,33.268988770186674,78646800
2017-04-03,33.264366149902344,33.36158934524533,33.1139024378144,33.26668325857246,79942800
2017-04-04,33.51204299926758,33.53982003462168,33.141666044389595,33.16018524535114,79565600
2017-04-05,33.33842468261719,33.6717631877653,33.28981134554312,33.38472091229311,110871600
2017-04-06,33.25510025024414,33.45417727783338,33.206486898268295,33.4009332418177,84596000
2017-04-07,33.1810188293457,33.37546514590922,33.16481673572033,33.27129772861994,66688800
2017-04-10,33.141666412353516,33.30602211510173,33.07916454993642,33.24120667710491,75733600
2017-04-11,32.78517532348633,33.18332924308847,32.42174269191748,33.088419679563074,121517600
2017-04-12,32.82453536987305,32.90555290594225,32.64166045543581,32.778239130379696,81400000
2017-04-13,32.65092086791992,32.95879597320454,32.65092086791992,32.84999787087928,71291600
2017-04-17,32.831478118896484,32.84305306128152,32.6092512345038,32.7504570543777,66328400
2017-04-18,32.68564224243164,32.880088562393745,32.66480946504497,32.73425558851045,58790000
2017-04-19,32.56526565551758,32.870827152662955,32.512025163927525,32.84305011916835,69313600
2017-04-20,32.972679138183594,33.08379079811462,32.67637902358353,32.690267539552906,93278400
2017-04-21,32.933326721191406,33.02823275642698,32.83610357854154,32.972678693299024,69283600
2017-04-24,33.25046157836914,33.32222126895121,33.14397706409578,33.218053862229624,68537200
2017-04-25,33.456478118896484,33.54212631405896,33.3036973933291,33.31295875788354,75486000
2017-04-26,33.25972366333008,33.47269271909866,33.19028107142358,33.442598574488116,80164800
2017-04-27,33.285179138183594,33.370830867945195,33.174067485616035,33.31527327557354,56985200
2017-04-28,33.25278854370117,33.40325577593338,33.16482672571768,33.354642416060805,83441600
2017-05-01,33.9310302734375,34.074549667815184,33.55602616184344,33.588433880966676,134411600
2017-05-02,34.14631271362305,34.28057428663632,33.99121836173965,34.15325697324642,181408800
2017-05-03,34.04213333129883,34.14167357123611,33.396292687910275,33.70185060055549,182788000
2017-05-04,33.91946029663086,34.060666136091115,33.75279099326214,33.91714672070354,93487600
2017-05-05,34.48196029663086,34.48658744717286,33.97269116293195,33.97269116293195,109310800
2017-05-08,35.419456481933594,35.579181417056866,34.4981487861572,34.4981487861572,195009600
2017-05-09,35.646331787109375,35.85235303785309,35.52132806561127,35.61855122001182,156521600
2017-05-10,35.47736358642578,35.63477510672522,35.21115744620615,35.56301537495357,103222800
2017-05-11,35.784183502197266,35.81207875001307,35.40298155178475,35.43552305193859,109020400
2017-05-12,36.28392028808594,36.35829931525376,35.95152892434139,35.95850184730224,130108000
2017-05-15,36.19094467163086,36.41176219035875,36.0398599342793,36.26300057857565,104038800
2017-05-16,36.13747787475586,36.27461674038462,35.96314772621748,36.246725051580384,80194000
2017-05-17,34.924129486083984,35.92827254879178,34.79861337662297,35.70280533925105,203070800
2017-05-18,35.456424713134766,35.642377572865925,35.128686743624414,35.161228228070684,134272800
2017-05-19,35.577301025390625,35.791145611314164,35.47735342896442,35.651683601410866,107843200
2017-05-22,35.79346466064453,35.93060351587456,35.542428840173685,35.795787785616746,91865600
2017-05-23,35.74930191040039,36.00498399119705,35.63540494053504,36.00498399119705,79675600
2017-05-24,35.64238357543945,35.83530938956026,35.48664904887947,35.75860368899971,76712000
2017-05-25,35.76557922363281,35.87715309446226,35.57033026981626,35.73303773133006,76942400
2017-05-26,35.70513916015625,35.8515776206928,35.63540639100761,35.79579069602269,87710400
2017-05-30,35.71908950805664,35.8957428049836,35.640060681543765,35.660979450898985,80507600
2017-05-31,35.50756072998047,35.83530223601727,35.419235873100675,35.78881490922437,97804800
2017-06-01,35.60519027709961,35.64005843725237,35.38204965784921,35.602867151791905,65616400
2017-06-02,36.1328239440918,36.1328239440918,35.537777672635315,35.69816195842354,111082800
2017-06-05,35.779518127441406,35.90038802400569,35.670274496933565,35.87481946024702,101326800
2017-06-06,35.900390625,36.21650946039384,35.74465610600721,35.772547796944366,106499600
2017-06-07,36.11422348022461,36.25601210774367,35.90735189713172,36.03287155913486,84278400
2017-06-08,36.02591323852539,36.15375253015387,35.88877080457249,36.08634642269079,85003200
2017-06-09,34.628944396972656,36.07239978270524,33.940923303853054,36.07239978270524,259530800
2017-06-12,33.80146026611328,33.957194805868006,33.12505829666229,33.875842847537044,289229200
2017-06-13,34.07339859008789,34.27329724836116,33.73868422769963,34.20589116968116,136661600
2017-06-14,33.74102783203125,34.284937170497514,33.43420499694354,34.284937170497514,126124800
2017-06-15,33.53879928588867,33.5829634971484,33.05532672777286,33.31333552540285,128661600
2017-06-16,33.06926727294922,33.58760791058845,33.0529947569857,33.42025068777792,201444400
2017-06-19,34.015296936035156,34.10827514113461,33.39235892227018,33.39235892227018,130165600
2017-06-20,33.70615768432617,34.1384966695021,33.68988871195604,34.1384966695021,99600400
2017-06-21,33.906036376953125,33.95252723452797,33.61316312670574,33.824684469706085,85063200
2017-06-22,33.85027313232422,34.09898234368049,33.731726340538756,33.882814623906064,76425200
2017-06-23,34.00136184692383,34.20591041608749,33.729407161153226,33.734056959567944,141757600
2017-06-26,33.89442825317383,34.466229101408445,33.79215400799219,34.20822036352045,102769600
2017-06-27,33.408634185791016,33.9734658045752,33.3830656179159,33.70615740465239,99047600
2017-06-28,33.89674377441406,33.961826725520176,33.27612906773838,33.58527485886983,88329600
2017-06-29,33.397003173828125,33.73404427035426,33.07158834234401,33.636419820909026,125997600
2017-06-30,33.47603988647461,33.69453425037123,33.42025295949374,33.57598747388138,92096400
2017-07-03,33.35517501831055,33.77356816691595,33.26220033940119,33.67594369003413,57111200
2017-07-05,33.4923095703125,33.65501701069458,33.17386761222499,33.39933490345308,86278400
2017-07-06,33.17619323730469,33.35517320858892,33.101814207564054,33.24360289059974,96515200
2017-07-07,33.51323318481445,33.64572582834338,33.21570995173095,33.21570995173095,76806800
2017-07-10,33.7177734375,33.92464506499715,33.32494894841133,33.496955966065755,84362400
2017-07-11,33.8270149230957,33.90139747392816,33.55971016789646,33.641062092769815,79127200
2017-07-12,33.87583541870117,33.97810612559624,33.66199086413815,33.906050232366475,99538000
2017-07-13,34.347686767578125,34.515043982750065,33.80610071664055,33.82004656011226,100797600
2017-07-14,34.642887115478516,34.710296762129296,34.24541634511304,34.394177936687996,80528400
2017-07-17,34.763755798339844,35.07522481560062,34.53364226990741,34.591752319997376,95174000
2017-07-18,34.88461685180664,34.896239568229284,34.556875401165534,34.68006839238438,71475200
2017-07-19,35.10311508178711,35.196089730065964,34.854402400170166,34.97759540517962,83692000
2017-07-20,34.945064544677734,35.27048300607116,34.91019992766541,35.21469607209489,68974800
2017-07-21,34.92879104614258,34.96830545588833,34.60569929892158,34.86370807164886,105010400
2017-07-24,35.35183334350586,35.43318884182019,34.842788677882595,35.00084987687023,85972800
2017-07-25,35.50292205810547,35.75860418341942,35.28442767411012,35.28442767411012,75415600
2017-07-26,35.6702766418457,35.77952027892254,35.57729842860687,35.64470807654955,63124000
2017-07-27,34.99619674682617,35.79346849541717,34.2384429542864,35.737681569306076,129905200
2017-07-28,34.74980545043945,34.919485781620956,34.677749565146854,34.84045697496168,68854800
2017-07-31,34.57082748413086,34.94273319627466,34.43136550214373,34.84278207309928,79383600
2017-08-01,34.877662658691406,34.917177078341396,34.49646076392778,34.65684511511463,141474400
2017-08-02,36.52565383911133,37.13232291881002,36.29786343025978,37.0230757382192,279747200
2017-08-03,36.16072082519531,36.541922581900096,36.032878015712306,36.504731301549455,108389200
2017-08-04,36.3513298034668,36.58609317427677,36.188622341184804,36.27695076931931,82239600
2017-08-07,36.91382598876953,36.93939455152754,36.4164041242776,36.50705565646402,87481200
2017-08-08,37.20903015136719,37.61580052880393,36.78831392847075,36.865019625255286,144823600
2017-08-09,37.43681335449219,37.48562735094947,36.983555730626804,37.01842033755663,104526000
2017-08-10,36.244388580322266,37.33647887838671,36.08337444544976,37.31314215481408,163217200
2017-08-11,36.748435974121094,37.00279349544676,36.41941089176514,36.54308771889085,105028400
2017-08-14,37.301483154296875,37.38549038726419,37.044793397817664,37.17780633363452,88490800
2017-08-15,37.709842681884766,37.849852332322016,37.36914576718812,37.49049031278083,117862000
2017-08-16,37.558162689208984,37.922192780612306,37.37147958675794,37.7891834290691,110686400
2017-08-17,36.83711242675781,37.502170040125556,36.83244436878993,37.45783239114304,111762400
2017-08-18,36.753089904785156,37.219795808337985,36.57107488725423,36.837097109852,109712400
2017-08-21,36.685420989990234,36.844099296178136,36.19537834194661,36.753091782762446,105474000
2017-08-22,37.28514099121094,37.33647893460074,36.87444100477661,36.923443139395175,86418400
2017-08-23,37.33180236816406,37.44614659068342,37.075116270409325,37.1194538987471,77596400
2017-08-24,37.1661262512207,37.50915538095337,36.99811183826252,37.43681297371242,79275600
2017-08-25,37.303802490234375,37.46714884205031,37.166125105181194,37.25479680434788,101920400
2017-08-28,37.67950439453125,37.80318118392024,37.32013882633084,37.36914451678862,103864000
2017-08-29,38.01553726196289,38.0645393969194,37.33647919209252,37.359815915861226,118067600
2017-08-30,38.11821365356445,38.244222705803224,37.94553115317101,38.22322179054412,109078400
2017-08-31,38.26988983154297,38.39123438165889,38.14854528142704,38.185882613875634,107140400
2017-09-01,38.281551361083984,38.48923533982436,38.18354355141044,38.45656606993318,66364400
2017-09-05,37.82184982299805,38.328225340858545,37.467152311436706,38.211548855802654,117874000
2017-09-06,37.78219223022461,38.03421394517101,37.45783164130639,37.96887537766841,86606800
2017-09-07,37.63050842285156,37.859196956472616,37.42049211964045,37.824191865480984,87714000
2017-09-08,37.01677703857422,37.60482386822451,36.993440320914345,37.53715308410399,114446000
2017-09-11,37.6865119934082,37.81485686403658,37.31081349612394,37.453158977969146,126323200
2017-09-12,37.53716278076172,38.26055848688814,37.04945587756065,37.945530520517316,286856000
2017-09-13,37.254798889160156,37.327141298218734,36.84876701487914,37.30613682555857,179629600
2017-09-14,36.93511199951172,37.19646621616109,36.89077436046924,37.100794193720326,95042800
2017-09-15,37.308475494384766,37.56282938742454,36.86977075359405,36.979446938791725,196458400
2017-09-18,37.02610778808594,37.45314406356935,36.86976175728322,37.36213656621603,113077600
2017-09-19,37.040130615234375,37.28281979422856,36.97245979380792,37.22214571913743,83242400
2017-09-20,36.41939163208008,36.93043153167643,35.896679813760755,36.84642433874445,211805600
2017-09-21,35.79401397705078,36.35639552154219,35.64466821011986,36.35639552154219,150046800
2017-09-22,35.443965911865234,35.532641138456,35.133606179479635,35.362290986249306,186581600
2017-09-25,35.13129806518555,35.429989647563616,34.80693750803978,35.00062094298071,177549200
2017-09-26,35.735679626464844,35.917694688480516,35.39731847582978,35.41831939205828,146640000
2017-09-27,35.990028381347656,36.10437262108391,35.829014258691,35.88968831110297,102016800
2017-09-28,35.768348693847656,36.00170170127656,35.63300352225677,35.91069417080666,88022000
2017-09-29,35.964351654052734,35.966687462139404,35.46964459257487,35.75200319846631,105199200
2017-10-02,35.89202117919922,36.041366943535415,35.63766728630668,35.99702930775556,74795200
2017-10-03,36.04836654663086,36.190712003672466,35.91535720256329,35.93869036363075,64921200
2017-10-04,35.81502151489258,35.9036968043932,35.5770039915245,35.850026605282906,80655200
2017-10-05,36.260719299316406,36.272387660414424,35.94802716171929,35.978360627753474,85135200
2017-10-06,36.23971939086914,36.284057027860996,36.06703689960718,36.16271247830708,69630400
2017-10-09,36.36573791503906,36.57342198401405,36.284066485168175,36.35873760849827,65051600
2017-10-10,36.37972640991211,36.86976906864224,36.193046883427996,36.41706373948242,62468000
2017-10-11,36.53141784667969,36.63175794124221,36.3447347090708,36.39607266093036,67622400
2017-10-12,36.403072357177734,36.72276486602361,36.34006604264477,36.484747341227305,64500400
2017-10-13,36.63408279418945,36.70175358648337,36.498737648917995,36.57340874521874,65576800
2017-10-16,37.308475494384766,37.3364767125003,36.788095786511896,36.846434031375175,96486000
2017-10-17,37.446163177490234,37.53950297062175,37.156804121686754,37.28514900775624,75989200
2017-10-18,37.280479431152344,37.50216766200701,37.243145651831576,37.43449328816146,65496800
2017-10-19,36.39838790893555,36.655077548342234,36.17437109698337,36.578070656520225,170336800
2017-10-20,36.461402893066406,36.811432360839845,36.393732095997784,36.54541010775939,95896400
2017-10-23,36.44272994995117,36.797427432652945,36.286383899979256,36.61074435961604,87937200
2017-10-24,36.659759521484375,36.73443063358927,36.449739674777824,36.470740591243164,71028800
2017-10-25,36.49873733520508,36.764759567229056,36.23271510318111,36.61541381522758,84828400
2017-10-26,36.73208999633789,36.830097811477216,36.58507649328712,36.69008461231614,68002000
2017-10-27,38.0482177734375,38.17656267069392,37.03313052140104,37.17080797451012,177816800
2017-10-30,38.904598236083984,39.21962609530292,38.20453949176004,38.244209059989785,178803200
2017-10-31,39.44598388671875,39.5883293386976,38.95594479352543,39.179961647361324,144187200
2017-11-01,38.944278717041016,39.65600601867614,38.64558718728659,39.63966960093643,134551200
2017-11-02,39.228965759277344,39.319973270116144,38.56857646342304,38.87660407591348,165573600
2017-11-03,40.25339126586914,40.66409125143115,39.93136299632327,40.60342075513756,237594400
2017-11-06,40.66175842285156,40.83444091693834,40.07137564423533,40.223053663145954,140105200
2017-11-07,40.79243469238281,40.895110575377075,40.51007957483256,40.58241843039198,97446000
2017-11-08,41.126136779785156,41.126136779785156,40.680431665114995,40.75743858759867,97638000
2017-11-09,41.042137145996094,41.093475103817966,40.402748482650594,40.86245429361955,117930400
2017-11-10,40.906288146972656,41.072565925229945,40.81261284063416,41.00933312803533,100582000
2017-11-13,40.74235916137695,40.8664805643182,40.608868082656585,40.6322886986201,67928400
2017-11-14,40.12643051147461,40.62760092491378,40.088958958034446,40.52455593969533,99130000
2017-11-15,39.59715270996094,39.887551848488684,39.43321915332573,39.805583283429314,116632400
2017-11-16,40.070228576660156,40.25055373550721,39.88287437442496,40.08896078074791,94550000
2017-11-17,39.84775161743164,40.138150869082004,39.728315031104074,40.05618227209245,87598000
2017-11-20,39.80792999267578,39.943761695620736,39.709569843677855,39.880528895020625,65049600
2017-11-21,40.547977447509766,40.67912431395637,39.995284529281854,39.995284529281854,100525200
2017-11-22,40.974205017089844,40.9835711181554,40.52689775467844,40.5994966517589,102355600
2017-11-24,40.976539611816406,41.10066098017988,40.90159652039823,41.00698568939045,56106800
2017-11-27,40.77045822143555,41.00230943889262,40.5948143343122,40.995283969286405,82867200
2017-11-28,40.53158950805664,40.953132024129054,40.24821576706764,40.819644513635296,105715200
2017-11-29,39.69083786010742,40.49645847954459,39.147514569884194,40.42854440832334,166665600
2017-11-30,40.24587631225586,40.313790385637134,39.44728113777023,39.9133206954704,166108800
2017-12-01,40.05851745605469,40.20371526243537,39.461327511948554,39.80090498652369,159037200
2017-12-04,39.76576614379883,40.42618512486954,39.7259539688303,40.393398417631744,130169600
2017-12-05,39.728294372558594,40.168576073071144,39.43789527191454,39.59246270807104,109400800
2017-12-06,39.58076095581055,39.85944981268893,38.983574632195534,39.2271325695482,114240000
2017-12-07,39.65336990356445,39.9156636594759,39.557350377388154,39.58545225881169,102693200
2017-12-08,39.665069580078125,40.04680341107865,39.53626693081782,39.92736686279802,93420800
2017-12-11,40.43791580200195,40.489438306973696,39.52925006721105,39.62526960588429,141095200
2017-12-12,40.21074676513672,40.37233974086098,40.15454299861325,40.316132400852865,77636800
2017-12-13,40.344234466552734,40.64165556869939,40.28100166104409,40.39809759610526,95273600
2017-12-14,40.33251953125,40.54563496624817,40.19902846532238,40.37467234776361,81906000
2017-12-15,40.74235916137695,40.789196819819715,40.38873073062717,40.66273478467583,160677200
2017-12-18,41.31613540649414,41.49880480631733,40.95079660684776,40.955481445518444,117684400
2017-12-19,40.87583923339844,41.07490371243593,40.770453627695375,40.99059451317676,109745600
2017-12-20,40.83134078979492,41.08192415163316,40.57372838651899,40.95311794999519,93902400
2017-12-21,40.98591613769531,41.22245220335722,40.77280426091444,40.78919583290488,83799600
2017-12-22,40.98591613769531,41.08193565794452,40.86647957553345,40.908632395066746,65397600
2017-12-26,39.94611358642578,40.156884864331154,39.73767936755113,39.999976722159865,132742000
2017-12-27,39.95313262939453,39.995285448799734,39.744702017539055,39.83603669973451,85992800
2017-12-28,40.06554412841797,40.24587286250239,39.925027582004404,40.04680835066388,65920800
2017-12-29,39.632286071777344,39.95078713310234,39.629945439714064,39.93439556169126,103999600
2018-01-02,40.34189224243164,40.35126191884801,39.63931659755379,39.850091435107856,102223600
2018-01-03,40.334869384765625,40.878196300607264,40.271640145539465,40.40512766850166,118071600
2018-01-04,40.522216796875,40.625261785880404,40.299735247059225,40.407461500303675,89738400
2018-01-05,40.98357391357422,41.070223754905165,40.526900518948345,40.61823519787352,94640000
2018-01-08,40.83134078979492,41.12642116433384,40.73297709146542,40.83134078979492,82271200
2018-01-09,40.82666778564453,40.997626844556606,40.61121170113573,40.87819028123188,86336000
2018-01-10,40.817298889160156,40.81964309485793,40.515192953344034,40.55266450966543,95839600
2018-01-11,41.04914855957031,41.09833042205364,40.86413856419507,40.88755560589044,74670800
2018-01-12,41.47303009033203,41.53626288466178,41.1357932852183,41.25991466856103,101672400
2018-01-16,41.262271881103516,42.011685254549505,41.25056157127931,41.6627380333034,118263600
2018-01-17,41.94375991821289,41.97888726477312,40.99996709013325,41.25289113233468,137547200
2018-01-18,41.981231689453125,42.17795556841482,41.7446991964493,42.006992937085954,124773600
2018-01-19,41.79388427734375,42.056178038174856,41.54798208982235,41.82901162978203,129700400
2018-01-22,41.45195388793945,41.634623229363534,41.3582785853828,41.52221215159881,108434400
2018-01-23,41.461334228515625,42.02339695734473,41.40981529585413,41.52222641222596,130756400
2018-01-24,40.800907135009766,41.52221851030546,40.5620304313799,41.510508202321624,204420400
2018-01-25,40.072574615478516,40.9718706193614,39.93674288986839,40.86882561555477,166116000
2018-01-26,40.16624450683594,40.2809998043608,39.82666702550764,40.2809998043608,156572000
2018-01-29,39.334869384765625,39.8500908014533,39.12643875637216,39.8500908014533,202561600
2018-01-30,39.10301971435547,39.196695039895985,38.57140312952726,38.765782824834226,184192800
2018-01-31,39.21074676513672,39.44728286310411,38.99295002083354,39.07959987736474,129915600
2018-02-01,39.29270553588867,39.48942581837823,39.05382886516062,39.14984837452473,188923200
2018-02-02,37.58778762817383,39.06319682921009,37.49411232827588,38.87584265593056,346375200
2018-02-05,36.64868927001953,38.37936715250379,36.533933960228474,37.259930231139656,290954000
2018-02-06,38.180294036865234,38.341886972498564,36.065542082454556,36.259921731587134,272975200
2018-02-07,37.36296463012695,38.26694527664845,37.25289775278819,38.19434637791094,206434400
2018-02-08,36.334869384765625,37.7048933359953,36.30676750219174,37.5386155259692,217562000
2018-02-09,36.77928924560547,37.12730529106897,35.32843481182689,36.93448689935861,282690400
2018-02-12,38.26072311401367,38.53819451209446,37.037957340347475,37.27075387708362,243278000
2018-02-13,38.64400100708008,38.740411998223614,38.01145592145759,38.08200063663708,130196800
2018-02-14,39.35649871826172,39.39647322333067,38.300692420481404,38.33831316239398,162579600
2018-02-15,40.678016662597656,40.70152917267764,39.73978032072299,39.925544578981956,204588800
2018-02-16,40.54633331298828,41.108337225733806,40.3911392578911,40.529874914016396,160704400
2018-02-20,40.40996170043945,40.97666251869846,40.30884675397618,40.45699032267764,135722000
2018-02-21,40.22654342651367,40.943737915034774,40.21243161204451,40.64040028293785,149886400
2018-02-22,40.56280517578125,40.90376716834371,40.377040864154694,40.39820320572218,123967600
2018-02-23,41.26824188232422,41.30351244871162,40.807352815892024,40.83792303213014,135249600
2018-02-26,42.08420181274414,42.18296298826137,41.43519826446505,41.46811865630413,152648800
2018-02-27,41.94782638549805,42.43928220604922,41.893743640494264,42.114782147972065,155712400
2018-02-28,41.88433074951172,42.47219752328346,41.86787234563421,42.15239785482947,151128400
2018-03-01,41.150672912597656,42.27467386282315,40.600430490213576,41.98309066020018,195208000
2018-03-02,41.43519592285156,41.4563582618264,40.55104215533317,40.63334492430652,153816000
2018-03-05,41.57863235473633,41.79496684206314,41.037794342392736,41.200046104901126,113605600
2018-03-06,41.543357849121094,41.91488998332649,41.41638023801315,41.83494098418248,95154000
2018-03-07,41.1577262878418,41.35054830257984,40.97901608895721,41.13656394614241,126814000
2018-03-08,41.60685729980469,41.64918198316011,41.16713412291643,41.26354154213285,95096400
2018-03-09,42.32170486450195,42.3264088034686,41.71267573229615,41.846711082439775,128740800
2018-03-12,42.73085403442383,42.88840187598345,42.37578384715246,42.39459242365057,128828400
2018-03-13,42.31935119628906,43.14941874671563,42.14769511274194,42.93543439207039,126774000
2018-03-14,41.95957565307617,42.44868119552501,41.811432091203834,42.401652575454754,117473600
2018-03-15,42.00896453857422,42.38285058986366,41.872582584028656,41.97369396206322,90975200
2018-03-16,41.86081314086914,42.119472337041785,41.766752315671596,42.008953109968175,157618800
2018-03-19,41.22121047973633,41.73147830463949,40.835570098387464,41.696207740634804,133787200
2018-03-20,41.207096099853516,41.57392426292965,41.136551394326695,41.207096099853516,78597600
2018-03-21,40.273582458496094,41.1718411237621,40.27122869478247,41.160083069357306,148219600
2018-03-22,39.704524993896484,40.60513377143826,39.645738314064275,39.974942285902976,165963200
2018-03-23,38.785091400146484,39.95612078420119,38.785091400146484,39.59634667471418,164115200
2018-03-26,40.62629318237305,40.70389201786306,39.137814257363395,39.52110449652672,150164800
2018-03-27,39.584598541259766,41.18594715292786,39.25069062472281,40.84028118261443,163690400
2018-03-28,39.14722442626953,39.979645813435894,38.84388674020141,39.328288402944224,166674000
2018-03-29,39.45290756225586,40.386440118710794,39.24597734680386,39.45996167523232,153594000
2018-04-02,39.194236755371094,39.7256704109728,38.674564736389385,39.18483246934881,150347200
2018-04-03,39.59635925292969,39.68101222252659,38.77099549040075,39.41999919860735,121112000
2018-04-04,40.35352325439453,40.44758049433387,38.74512077027734,38.770987049468715,138422000
2018-04-05,40.63334655761719,40.969604583911725,40.464040662906214,40.581614001563636,107732800
2018-04-06,39.593997955322266,40.55809716197049,39.55166968838654,40.203026977373334,140021200
2018-04-09,39.986690521240234,40.70153479373485,39.9396619065326,39.94671601933608,116070800
2018-04-10,40.73916244506836,40.91552245565307,40.334709867083134,40.680375774873454,113634400
2018-04-11,40.54869079589844,40.89670684951467,40.374680975063676,40.499308418346246,89726400
2018-04-12,40.94844055175781,41.15066682941306,40.68977778218014,40.77678448906721,91557200
2018-04-13,41.087181091308594,41.34819406678015,40.88025443918927,41.09893914369185,100497200
2018-04-16,41.34349060058594,41.430493723168546,41.1106940979349,41.15772271587,86313600
2018-04-17,41.912540435791016,42.07714237415471,41.48222163317746,41.50103379585519,106421600
2018-04-18,41.818477630615234,42.04892392140155,41.59273886534057,41.81142351845371,83018000
2018-04-19,40.63334655761719,41.24237559072981,40.60042616631525,40.85908535852946,139235200
2018-04-20,38.96851348876953,40.261820407726134,38.900318932823346,40.11603059413015,261964400
2018-04-23,38.85563659667969,39.2506812754814,38.58521577645036,39.229518936557035,146062000
2018-04-24,38.31479263305664,39.11193956870417,37.910340140652,38.95674193109598,134768000
2018-04-25,38.48175048828125,38.897961092108815,38.190170918548375,38.23954970914032,113528400
2018-04-26,38.615787506103516,38.97085769595813,38.41591139583521,38.592271403229525,111852000
2018-04-27,38.16900634765625,38.641649827377975,37.771607930930294,38.56405100150369,142623200
2018-04-30,38.8603401184082,39.33063349139752,38.05613888116291,38.12433342955642,169709600
2018-05-01,39.763309478759766,39.786821996562225,38.862697162878376,39.13076426459355,214277600
2018-05-02,41.51985168457031,41.797323049213546,40.86849436573064,41.204752401329166,266157600
2018-05-03,41.595096588134766,41.73853620820341,41.01898793273085,41.357599730142326,136272800
2018-05-04,43.227020263671875,43.32578145161109,41.89608901981912,41.91490118724384,224805200
2018-05-07,43.539764404296875,44.12998133734006,43.4433533948992,43.544464754959726,169805600
2018-05-08,43.749046325683594,43.78902083601134,43.18939600498701,43.49979138596113,113611200
2018-05-09,44.057090759277344,44.066495049580375,43.553876908789505,43.86662248516598,92844800
2018-05-10,44.68727111816406,44.76486994901451,44.12527072629571,44.146436653293755,111957200
2018-05-11,44.517311096191406,44.8643098921221,44.24821035668282,44.72976132331238,104848800
2018-05-14,44.413448333740234,44.739203197154275,44.34499442861878,44.61645441353766,83115200
2018-05-15,44.00980758666992,44.1585224188313,43.69349681524123,44.090064898484975,94780800
2018-05-16,44.4205436706543,44.486641961074696,43.90594879540053,43.922474268478226,76732400
2018-05-17,44.13962936401367,44.59285148855085,43.99091455997095,44.37804201646454,69176000
2018-05-18,43.97911071777344,44.33319083661362,43.936622832419445,44.186838873430894,73190800
2018-05-21,44.290714263916016,44.67784181531848,44.12075547531102,44.37805289626659,73603200
2018-05-22,44.17976760864258,44.58577985875149,44.09006613886106,44.46775312562425,60962800
2018-05-23,44.46302032470703,44.49606765793709,43.84928001970395,43.98855426864203,80233600
2018-05-24,44.413448333740234,44.57632576544726,43.95550773688488,44.55980389947556,92936000
2018-05-25,44.51496124267578,44.76753656805543,44.29542965522852,44.43234109217511,69844000
2018-05-29,44.35443878173828,44.55508564127601,44.11130403301255,44.2836256330916,90056400
2018-05-30,44.2600212097168,44.37804793294271,44.090062440120306,44.31195325608738,74762000
2018-05-31,44.111305236816406,44.432338059704065,43.93898723392432,44.19392538167832,109931200
2018-06-01,44.90680694580078,44.91152542115865,44.31903259368366,44.37568671498433,93770000
2018-06-04,45.28212356567383,45.657447602342195,45.16881894367543,45.23727284395453,105064800
2018-06-05,45.631492614746094,45.780207443365335,45.40724255383238,45.574842090997706,86264000
2018-06-06,45.7896614074707,45.813268200539675,45.30339172613349,45.70704483551112,83734400
2018-06-07,45.66691207885742,45.84158936511637,45.40252970734857,45.82742673129976,85388800
2018-06-08,45.251441955566406,45.32225870517114,44.7958605631141,45.12633392541683,106627200
2018-06-11,45.1404914855957,45.31517230141845,44.899719606624075,45.16882034338992,73234000
2018-06-12,45.38835906982422,45.466257143969734,45.1216175070129,45.17827163417962,67644400
2018-06-13,45.0153923034668,45.52999069869376,44.95401970299873,45.421404526599694,86553600
2018-06-14,45.03899383544922,45.22075597971517,44.90208241786221,45.21603390272544,86440400
2018-06-15,44.576324462890625,44.887916688684165,44.43941305475914,44.85722859320443,246876800
2018-06-18,44.552730560302734,44.666035210598075,44.18920622118241,44.34972444416655,73939600
2018-06-19,43.832767486572266,43.98384155663083,43.30400644042231,43.70293736342273,134314000
2018-06-20,44.02396774291992,44.18920443498189,43.84220558070689,43.98856116672441,82514800
2018-06-21,43.77846908569336,44.46066332896541,43.655720298126006,44.20100312485936,102847600
2018-06-22,43.651004791259766,43.94134953454159,43.599072742622056,43.93426821899007,108801600
2018-06-25,43.001861572265625,43.651008635516185,42.661943988297445,43.29220634111752,126652400
2018-06-26,43.53533172607422,44.0310453625436,43.08919089400755,43.19541781745774,98276800
2018-06-27,43.471595764160156,44.20808123235867,43.44090766902219,43.7241710335686,101141200
2018-06-28,43.78790283203125,43.95550231988519,43.386612798692276,43.45742953443182,69460800
2018-06-29,43.69585418701172,44.186845794265814,43.176537318418475,43.97439552855281,90950800
2018-07-02,44.18447494506836,44.21280380316202,43.29691543239838,43.39133895622868,70925200
2018-07-03,43.414939880371094,44.36623477197079,43.32523843786457,44.328465364400785,55819200
2018-07-05,43.764305114746094,44.00272138770652,43.49992642192377,43.7312577781433,66416800
2018-07-06,44.37096405029297,44.47954661231971,43.71709503292668,43.769027076292346,69940800
2018-07-09,44.987064361572266,45.010667544089124,44.684916250995535,44.732126217918854,79026400
2018-07-10,44.93278503417969,45.15231305962938,44.892652769633514,45.017764438006466,63756400
2018-07-11,44.3497200012207,44.79822008171447,44.28598456598775,44.49607197660276,75326000
2018-07-12,45.09328079223633,45.18298223699675,44.68726865537942,44.739200691620816,72164400
2018-07-13,45.16409683227539,45.28448276793751,45.062591998690905,45.10508348308806,50055600
2018-07-16,45.06496810913086,45.475698835222566,44.949300613980526,45.20896086762819,60172400
2018-07-17,45.19242858886719,45.29157059753824,44.66130836977185,44.79113847703972,62138000
2018-07-18,44.944576263427734,45.27505326062183,44.83363085174206,45.27033118300609,65573600
2018-07-19,45.29392623901367,45.45208158022818,44.77696873161265,44.77696873161265,81147200
2018-07-20,45.1900634765625,45.423754037375545,44.8902746500053,45.2703207681167,82704800
2018-07-23,45.230194091796875,45.312814226157805,44.746283880302556,45.01066254723482,63957600
2018-07-24,45.55830764770508,45.71410376110917,45.3340576309569,45.42847755320166,74791600
2018-07-25,45.98793029785156,45.99501161249821,45.42375915047924,45.572473961837765,66839600
2018-07-26,45.84394073486328,46.257034259978134,45.70230722835374,45.93836067127651,76304000
2018-07-27,45.081485748291016,46.075272332840846,44.873761166756026,46.028062364396064,96096000
2018-07-30,44.828914642333984,45.369475495243115,44.630630595127236,45.298658734986404,84118000
2018-07-31,44.918601989746094,45.35530224080693,44.69435196969696,44.92096482906494,157492000
2018-08-01,47.56475830078125,47.62613088577967,46.57569401589206,47.00531291654773,271742800
2018-08-02,48.95512390136719,49.18881810901228,47.29330923044903,47.34760051436628,249616000
2018-08-03,49.09675216674805,49.27379223190768,48.50425577680465,48.87013929851241,133789600
2018-08-06,49.3516960144043,49.39418390606156,48.87958911924481,49.09911709658689,101701600
2018-08-07,48.8890266418457,49.4531942025148,48.806406499558236,49.41070631349122,102349600
2018-08-08,48.92206954956055,49.05425888374201,48.27764474448132,48.638806176044675,90102000
2018-08-09,49.30685806274414,49.51930477987337,48.91028629504136,49.460291402682955,93970400
2018-08-10,49.159969329833984,49.531874656101,48.956251294479095,49.119699947958416,98444800
2018-08-13,49.477386474609375,49.97009991775016,49.20023584056539,49.58161480492085,103563600
2018-08-14,49.685855865478516,49.87772915247579,49.3329014045864,49.78297807220025,82992000
2018-08-15,49.80192947387695,49.92037013258283,49.34948529013519,49.56030951805078,115230400
2018-08-16,50.531517028808594,50.64758654419464,50.093285209412876,50.15961167949677,114001600
2018-08-17,51.54063034057617,51.628275259237334,50.49361549631433,50.55994196684519,141708000
2018-08-20,51.03843688964844,51.919631834563056,50.95552700443249,51.66380325945562,121150800
2018-08-21,50.93894958496094,51.44824651291401,50.699700789987496,51.35586295698155,104639200
2018-08-22,50.94132995605469,51.25164391525928,50.65470196077252,50.71629341891963,76072400
2018-08-23,51.04555130004883,51.41508554003786,50.83472709315654,50.84656826622869,75532800
2018-08-24,51.20426940917969,51.3795592809375,50.95554328856623,51.308497773209886,73905600
2018-08-27,51.62590789794922,51.81541364909847,51.244528884025435,51.43876965842527,82100400
2018-08-28,52.04282760620117,52.24180705640563,51.85806045750814,51.879378909775276,91107200
2018-08-29,52.81978225708008,52.94059401277772,51.97411803980244,52.149407858624635,109019200
2018-08-30,53.30539321899414,54.07051872797575,52.682394306819354,52.883744837114136,195175200
2018-08-31,53.921287536621094,54.215018013869724,53.53516988918056,53.65597804212751,173360400
2018-09-04,54.0942268371582,54.288467670375354,53.68442310155351,54.1060716279145,109560400
2018-09-05,53.74126052856445,54.40452890571395,53.321983221015245,54.24345135322492,133332000
2018-09-06,52.84821319580078,53.85495860116818,52.421826183564434,53.58964911882037,137160000
2018-09-07,52.42183303833008,53.38593806128113,52.28207393714789,52.552118477788824,150479200
2018-09-10,51.718299865722656,52.5521231376733,51.27770045881647,52.33892777751228,158066000
2018-09-11,53.025875091552734,53.13247094287487,51.29900856495267,51.64248569233353,142996000
2018-09-12,52.367347717285156,53.29828943782888,52.07598113256949,53.284077138968904,197114800
2018-09-13,53.632293701171875,54.09184398179361,52.7226704156543,52.94770691810222,166825600
2018-09-14,53.02351760864258,53.734161619670026,52.710836123342126,53.47596182981542,127997200
2018-09-17,51.61170196533203,52.81268835042182,51.46720421889096,52.6231825758975,148780400
2018-09-18,51.696983337402344,52.55212509282721,51.43167378696617,51.590383846094824,126286800
2018-09-19,51.7277717590332,52.023873403694104,51.000547999297495,51.75856748672499,108495200
2018-09-20,52.1209831237793,52.653965956479915,51.91252645923184,52.170729778554005,106435200
2018-09-21,51.55958557128906,52.4360456744624,51.47193703080643,52.298654084199484,384986800
2018-09-24,52.30101013183594,52.4123446096359,51.315586868796956,51.36059488508048,110773600
2018-09-25,52.63265609741211,52.78189247156223,52.04282036510038,52.05466515288594,98217600
2018-09-26,52.21337890625,53.002194117245956,52.057036371201,52.350770502397125,95938800
2018-09-27,53.28643798828125,53.63939236210128,52.95243454874563,53.018764626001634,120724800
2018-09-28,53.47359085083008,53.49727681428195,53.06615468842779,53.24855070364349,91717600
2018-10-01,53.83363342285156,54.34529780791127,53.61807422498351,53.997082069289064,94403200
2018-10-02,54.31214141845703,54.482696234962994,53.684407451123704,53.831272693023216,99152800
2018-10-03,54.973045349121094,55.30467772526183,54.430585144800126,54.494544108242195,114619200
2018-10-04,54.00657653808594,55.03937929696,53.708103744514275,54.66747386831033,128168000
2018-10-05,53.13010787963867,54.10606134298205,52.25128023622536,53.99946547548334,134322000
2018-10-08,53.00691604614258,53.250903433993464,52.16124828502225,52.637381890349815,118655600
2018-10-09,53.74126052856445,53.83601521931259,52.64687005570699,52.976134925197805,107564000
2018-10-10,51.251651763916016,53.61809787785061,51.178219119823346,53.407273609687905,167962400
2018-10-11,50.799198150634766,51.995449534818604,50.29464339890083,50.81578157793993,212497600
2018-10-12,52.61370849609375,52.79610811889631,51.36534296639006,52.2133784994007,161351600
2018-10-15,51.48851776123047,52.54737742537575,51.46719931244083,52.38866739351679,123164000
2018-10-16,52.62318420410156,52.822167261495906,51.346394023888315,51.86042605856927,116736000
2018-10-17,52.39577102661133,52.73924816052703,51.95753921175651,52.65870939261992,91541600
2018-10-18,51.17110061645508,52.05229936190943,50.45571806191486,51.60696135100703,130325200
2018-10-19,51.950443267822266,52.41236113276145,51.50510521622849,51.65434160894815,132314800
2018-10-22,52.267852783203125,52.909802639899496,51.862787820108274,52.06413473861343,115168400
2018-10-23,52.76056671142578,52.883745989626654,50.85841031392814,51.1260873181373,155071200
2018-10-24,50.95079040527344,53.115885022108806,50.82050498666034,52.7297710181552,163702000
2018-10-25,52.066505432128906,52.44077828370849,51.344016814032926,51.57142443044991,119423200
2018-10-26,51.237422943115234,52.15889100212485,50.37754271730806,51.142668259894265,189033600
2018-10-29,50.27569580078125,52.04046102219299,48.81887342300146,51.92202035478922,183742000
2018-10-30,50.52677917480469,50.97211353591535,49.57214787858827,50.01748223969893,146640000
2018-10-31,51.84383010864258,52.220470425672104,51.31321481162091,51.374806249426165,153435600
2018-11-01,52.6397590637207,52.67292229880161,51.358230453591474,51.88884582940752,233292800
2018-11-02,49.14812088012695,50.609677763112934,48.66251359331781,49.63846680401569,365314800
2018-11-05,47.75290298461914,48.41617138342954,46.94276932850515,48.3948529327607,264654800
2018-11-06,48.26931381225586,48.4943503723674,47.77660016938328,47.831081867941904,127531600
2018-11-07,49.73322296142578,49.75928004625563,48.35457582053014,48.79043649902817,133697600
2018-11-08,49.559696197509766,49.94715741120494,49.146083355881075,49.913878467198,101450400
2018-11-09,48.604129791259766,48.97019832507894,48.076418015333566,48.86085473309962,137463200
2018-11-12,46.15571594238281,47.50589792338278,46.06538583169006,47.303844873822456,204542000
2018-11-13,45.694580078125,46.87123323822036,45.50916824088011,45.55195754100879,187531600
2018-11-14,44.40381622314453,46.22941032271207,44.197007977877064,46.091539368244774,243204000
2018-11-15,45.49964904785156,45.632764830183646,44.42758459138479,44.78177050498005,185915200
2018-11-16,46.003597259521484,46.34589712406459,45.036128252088695,45.283342805851085,147713200
2018-11-19,44.18036651611328,45.33087125862077,43.973561915777815,45.164476544147824,167701200
2018-11-20,42.06953048706055,43.136839943167296,41.72009968887252,42.39994422370587,271300800
2018-11-21,42.02198028564453,42.85158172835993,41.96730851284689,42.72321749832553,124496800
2018-11-23,40.95467758178711,41.97920130450926,40.90951614402539,41.58460546368542,94496000
2018-11-26,41.508541107177734,41.58698512821086,40.47213479849216,41.41821459606718,179994000
2018-11-27,41.41820526123047,41.544190095580014,40.61950696824367,40.76926040452482,165549600
2018-11-28,43.0108528137207,43.094048373052914,41.58222651798475,42.0101013122745,184250000
2018-11-29,42.68043518066406,43.452985511934024,42.24067431047254,43.41970656582618,167080000
2018-11-30,42.449867248535156,42.86585597584638,42.08141936463273,42.856345630884306,158126000
2018-12-03,43.93315505981445,43.96167883365335,43.075029801208764,43.847580111164774,163210000
2018-12-04,42.00059509277344,43.35552893478612,41.90075824411287,43.01322909530219,165377200
2018-12-06,41.53231430053711,41.54657619066629,40.51016985805119,40.828697494715655,172393600
2018-12-07,40.051387786865234,41.47763456048138,40.00622272535943,41.23992676487869,169126400
2018-12-10,40.315250396728516,40.431724914888164,38.82482125087968,39.22179290135247,248104000
2018-12-11,40.08466720581055,40.83582109215089,39.697202333726885,40.80492154480871,189126800
2018-12-12,40.19639205932617,40.86672619637411,40.17737499929975,40.505409310138816,142510800
2018-12-13,40.63615798950195,41.02124718960734,40.30336843596308,40.52681440496808,127594400
2018-12-14,39.33588790893555,40.19163748722616,39.28834707172682,40.172620426916,162814800
2018-12-17,38.96982192993164,40.018114322657276,38.68219386191158,39.32875944469472,177151600
2018-12-18,39.47614288330078,39.82319429985514,39.0767918244386,39.3121238927217,135366000
2018-12-19,38.24483108520508,39.80419462240152,37.81695605923401,39.459518827945935,196189200
2018-12-20,37.27972412109375,38.534821331791626,36.9160313854446,38.128339295230404,259092000
2018-12-21,35.82969665527344,37.59586754353606,35.56822024442438,37.286846669684195,382978400
2018-12-24,34.90263748168945,36.02461861269077,34.8455863026589,35.216409898524326,148676800
2018-12-26,37.36054611206055,37.374808004155526,34.87649955480332,35.25207843088631,234330000
2018-12-27,37.118072509765625,37.265453816149545,35.672812239071256,37.044383670140306,212468400
2018-12-28,37.13710021972656,37.68145328355887,36.73775273156749,37.438990235956965,169165600
2018-12-31,37.496036529541016,37.88112207522634,37.196522325444576,37.68382412991746,140014000
2019-01-02,37.53882598876953,37.75989619158616,36.661683377623504,36.81857144063734,148158800
2019-01-03,33.79966735839844,34.63877547055248,33.75450230314456,34.22516265768987,365248800
2019-01-04,35.242557525634766,35.31149481961843,34.18238275669409,34.35590843708306,234428400
2019-01-07,35.16412353515625,35.378062794844915,34.68157684830646,35.34715961100301,219111200
2019-01-08,35.834449768066406,36.088798847410885,35.304362405668385,35.55157691426575,164101200
2019-01-09,36.44297790527344,36.732981676968095,35.56821504629023,35.96280719075942,180396400
2019-01-10,36.55946731567383,36.59987721410009,35.86060567047333,36.25044639149984,143122800
2019-01-11,36.20052719116211,36.53569613305001,36.01511535674199,36.340777580487256,108092800
2019-01-14,35.65617370605469,35.95806365903001,35.47076189295389,35.858226807909084,129756800
2019-01-15,36.38594055175781,36.46200517390876,35.66806186445189,35.72035787905168,114843600
2019-01-16,36.83045196533203,37.053897907115854,36.369298192226466,36.388315253988246,122278800
2019-01-17,37.04913330078125,37.47700801363403,36.431091645868044,36.65453753075409,119284800
2019-01-18,37.27735137939453,37.52932115115526,37.07767400412534,37.438990996322396,135004000
2019-01-22,36.44060516357422,37.25594114742215,36.27896197923972,37.179876540248834,121576000
2019-01-23,36.587982177734375,36.87798596834581,36.060270599876375,36.64265395320385,92522400
2019-01-24,36.29799270629883,36.72111244434335,36.06979517171508,36.633161689049025,101766000
2019-01-25,37.50078582763672,37.5887401908888,36.68307394200685,36.95881226724857,134142000
2019-01-28,37.15373611450195,37.16086705953069,36.52618756203671,37.032502794745874,104768400
2019-01-29,36.76865005493164,37.58874507388774,36.63315846080026,37.14185313626924,166348800
2019-01-30,39.28121566772461,39.495151246226506,38.087921443945866,38.805800046935204,244439200
2019-01-31,39.564090728759766,40.17262217665651,39.117198859839675,39.485646711738674,162958400
2019-02-01,39.583106994628906,40.16786619757071,39.4428566249422,39.68769901522233,130672400
2019-02-04,40.70747375488281,40.80493485453083,39.763773197226605,39.79467638178191,125982000
2019-02-05,41.4039421081543,41.61788130053395,40.96894003396188,41.09016970398383,144406400
2019-02-06,41.41820526123047,41.73435704669742,41.08779158917797,41.51566269527601,112958400
2019-02-07,40.633766174316406,41.34688947361397,40.49114006360383,40.98081748211359,126966800
2019-02-08,40.681514739990234,40.74119655717488,40.20644616383237,40.3425224555041,95280000
2019-02-11,40.44756317138672,40.87250110070133,40.40459400749151,40.83430385989045,83973600
2019-02-12,40.79611587524414,40.82237602892357,40.51202975162763,40.60752287532111,89134000
2019-02-13,40.626617431640625,41.17569104838117,40.56454963390793,40.91547911908736,89960800
2019-02-14,40.774620056152344,40.884432564786806,40.43562775647638,40.51440819581286,87342800
2019-02-15,40.68390655517578,40.98947721171357,40.5239596992294,40.88205065386177,98507200
2019-02-19,40.80565643310547,40.92740968979166,40.46189217428749,40.51441247272279,75891200
2019-02-20,41.068267822265625,41.3762281593684,40.81999296839519,40.867737712290605,104457600
2019-02-21,40.83669662475586,41.149428845280646,40.655265164712084,41.01335616092031,68998800
2019-02-22,41.29266357421875,41.29982510218546,40.913088021224546,40.96083275523248,75652800
2019-02-25,41.59345626831055,41.98496889280759,41.526612916032235,41.576747251585715,87493600
2019-02-26,41.61733627319336,41.84890207691848,41.34041169350497,41.46932649284163,68280800
2019-02-27,41.746238708496094,41.7772744208693,41.23536246985703,41.34995418814767,111341600
2019-02-28,41.335628509521484,41.755790868224764,41.28072225316888,41.614942642381884,112861600
2019-03-01,41.77011489868164,41.813084063086116,41.273561690323184,41.60539248308564,103544800
2019-03-04,41.980194091796875,42.43377447154785,41.53138563496045,41.941996852345,109744800
2019-03-05,41.90380096435547,42.01600308218327,41.66745963565002,42.001680027599186,78949600
2019-03-06,41.662696838378906,41.894262652048724,41.52423454258839,41.698504482682424,83241600
2019-03-07,41.18046188354492,41.64359345799312,41.065873792169924,41.507517139799894,99185600
2019-03-08,41.278350830078125,41.31654808390246,40.46428961606378,40.660047809895524,95997600
2019-03-11,42.70831298828125,42.76083328628098,41.86083397800015,41.89425565466456,128044000
2019-03-12,43.18815231323242,43.60831100701947,42.82051026881575,42.970909618139764,129870400
2019-03-13,43.37913513183594,43.758710628242646,43.19053854298965,43.508046258708134,124130000
2019-03-14,43.861366271972656,43.9496978509338,43.58205576514747,43.90194947627824,94318000
2019-03-15,44.43193054199219,44.72079222088939,43.8637619602195,44.12874944847758,156171600
2019-03-18,44.88551712036133,44.97384507371518,44.353152510049036,44.355542114857684,104879200
2019-03-19,44.52980041503906,45.11707114202692,44.38417662471166,44.964285824526804,126585600
2019-03-20,44.918922424316406,45.236430119419495,44.100086022694995,44.458176915154105,124140800
2019-03-21,46.57330322265625,46.86932635513335,45.31282350160718,45.36295783215886,204136800
2019-03-22,45.60883712768555,47.19398575816405,45.54437975689391,46.63297532156503,169630800
2019-03-25,45.0573844909668,45.830858484229445,44.54650829883213,45.71865638029758,175381200
2019-03-26,44.59187698364258,46.0457292118618,44.06429161696405,45.754481573825046,199202000
2019-03-27,44.99293518066406,45.3008917993861,44.53457919508104,45.05977853422682,119393600
2019-03-28,45.05261993408203,45.253150007800876,44.768533841635445,45.10752619750009,83121600
2019-03-29,45.34625244140625,45.37728815780185,45.00964605534381,45.31760632946552,94256000
2019-04-01,45.65420913696289,45.759246086742245,44.971448928605234,45.74969859774028,111448000
2019-04-02,46.31786346435547,46.42290404035926,45.60884321901872,45.61839070652413,91062800
2019-04-03,46.635379791259766,46.909914730827474,46.11017681396402,46.13405100118274,93087200
2019-04-04,46.71653366088867,46.87886643379977,46.107778477094946,46.50167696165577,76457200
2019-04-05,47.0292854309082,47.053159621705504,46.77384543159934,46.897984666903184,74106400
2019-04-08,47.76932907104492,47.80036113969256,46.8717121878572,46.8908108069345,103526800
2019-04-09,47.6260986328125,48.42583658322132,47.561641238769866,47.82185677668654,143072800
2019-04-10,47.893470764160156,47.92212051778951,47.310975557121054,47.43033920962285,86781200
2019-04-11,47.49479675292969,47.984188458280926,47.37304713835903,47.94838081949238,83603200
2019-04-12,47.47570037841797,47.778885091039584,46.840688483477834,47.55448083017114,111042800
2019-04-15,47.561641693115234,47.70965510465262,47.270394078957786,47.40647039627106,70146400
2019-04-16,47.56640625,48.07250687229438,47.40168385882599,47.61654057706165,102785600
2019-04-17,48.49268341064453,48.552365242777874,47.4136348657205,47.63564953276536,115627200
2019-04-18,48.66694641113281,48.73617572376677,48.34705271069138,48.490286901803195,96783200
2019-04-22,48.8268928527832,48.92477191697205,48.30407949927967,48.42105718399483,77758000
2019-04-23,49.53113555908203,49.59559294531774,48.676491450506916,48.80301661883193,93292000
2019-04-24,49.454742431640625,49.7698605357806,49.428482286071535,49.50248715739649,70162400
2019-04-25,49.005950927734375,49.597993745580624,48.96775367685646,49.37597905489716,74172800
2019-04-26,48.77199935913086,48.93910777910681,48.251571830988205,48.915233586528664,74596400
2019-04-29,48.845985412597656,49.170654635881924,48.666939965404616,48.795851084600464,88818800
2019-04-30,47.90541076660156,48.55713532887878,47.532996731014585,48.47596891449491,186139600
2019-05-01,50.25687789916992,51.400380192697625,49.94891760743861,50.104092555600026,259309200
2019-05-02,49.92981719970703,50.76536281433166,49.68631795761022,50.09453963227768,127985200
2019-05-03,50.550506591796875,50.57199117489854,50.1876400699806,50.34520096477196,83569600
2019-05-06,49.769866943359375,49.85580891786009,48.581005998340764,48.76959896429785,129772400
2019-05-07,48.428226470947266,49.516822516545794,47.943610280846954,49.14918402990383,155054800
2019-05-08,48.43777084350586,49.02026607598343,48.1632358878382,48.19904352807667,105358000
2019-05-09,47.917335510253906,48.14651163799503,46.94810342574412,47.84094103921428,139634400
2019-05-10,47.253517150878906,47.65373021042294,46.19667837213871,47.31103365411857,164834800
2019-05-13,44.507171630859375,45.408241627342775,43.81938698504411,44.98406973256331,229722400
2019-05-14,45.211734771728516,45.46096566171211,44.432883212543324,44.67252984613877,146118800
2019-05-15,45.75334167480469,45.95224884917704,44.57907445764329,44.6389861249825,106178800
2019-05-16,45.552040100097656,46.12479550302131,45.254876908784375,45.51130060444244,132125600
2019-05-17,45.29322052001953,45.748547729226715,44.75641066410453,44.79715015909945,131516400
2019-05-20,43.87690734863281,44.17886448911291,43.20350079997155,43.979957316854446,154449200
2019-05-21,44.71806716918945,45.05357102262831,44.262736331845005,44.387353616001334,113459200
2019-05-22,43.802608489990234,44.5047749813333,43.7474907918009,44.25314530140876,118994400
2019-05-23,43.05491256713867,43.26579910587868,42.61156485806626,43.08846294762348,146118800
2019-05-24,42.88956069946289,43.64924013152873,42.805682910338874,43.18432505134615,94858800
2019-05-28,42.71222686767578,43.277793180269335,42.63554183136246,42.8775836623965,111792800
2019-05-29,42.50851821899414,42.98062234841405,42.17780471640916,42.27845585703999,113924800
2019-05-30,42.7289924621582,42.9518620603252,42.33836730703267,42.64511468367893,84873600
2019-05-31,41.95493698120117,42.65470469718947,41.935764812126756,42.23292429098691,108174400
2019-06-03,41.530765533447266,42.637931895817616,40.804636470241036,42.08195356453021,161584400
2019-06-04,43.05011749267578,43.095650934304736,41.82312800199585,42.04360244755758,123872000
2019-06-05,43.74509048461914,44.332227603206654,43.409586694040904,44.16207690152386,119093600
2019-06-06,44.38735580444336,44.44726747099112,43.651638784012235,43.87451208506323,90105200
2019-06-07,45.56879806518555,45.99297355745612,44.519148477432275,44.69648461544341,122737600
2019-06-10,46.151153564453125,46.8197661273768,45.921091165173166,45.96662461499967,104883600
2019-06-11,46.685550689697266,46.970730711232996,46.395580369292325,46.69753375030367,107731600
2019-06-12,46.5369758605957,46.96354653458816,46.345257840924276,46.47945935767915,73012800
2019-06-13,46.52739715576172,47.16006418617446,46.395594419327324,46.659203548913915,86698400
2019-06-14,46.18950271606445,46.39320020134091,45.60476422803668,45.904322579959256,75046000
2019-06-17,46.46508026123047,46.72150388470995,46.05288780663783,46.22782880502471,58676400
2019-06-18,47.5578727722168,47.998821691765386,46.78142003490676,46.982722325563635,106204000
2019-06-19,47.41888427734375,47.900576412707956,47.284682730460275,47.85264415449137,84496800
2019-06-20,47.79991149902344,48.07550362088287,47.45721496631241,48.01798712160299,86056000
2019-06-21,47.636966705322266,48.13303708759984,47.48598812693898,47.641760662798056,191202400
2019-06-24,47.58903121948242,47.967673357520425,47.49077521738597,47.57944330591722,72881600
2019-06-25,46.86769485473633,47.751987879310825,46.80059043176467,47.55308073051549,84281200
2019-06-26,47.88139724731445,48.16657732114802,47.29426373709572,47.394914882557444,104270000
2019-06-27,47.86701583862305,48.3055695796001,47.82627635318371,47.99881855051386,83598800
2019-06-28,47.430870056152344,47.80951224608036,47.2223786165072,47.61300021495699,124442400
2019-07-01,48.300785064697266,49.00534683032315,48.08510087662033,48.689011483830775,109012000
2019-07-02,48.583560943603516,48.67942179095116,48.25524622614172,48.26722928914985,67740800
2019-07-03,48.986175537109375,48.9933646445024,48.57398298189236,48.71537363624573,45448000
2019-07-05,48.943031311035156,49.14673241375876,48.62430084723059,48.732144758506294,69062000
2019-07-08,47.93411636352539,48.26482620156885,47.548285171877104,48.12343557807911,101354400
2019-07-09,48.22648620605469,48.29118815938511,47.644143029060785,47.73760506281078,82312000
2019-07-10,48.7033805847168,48.82320389232049,48.30317117612652,48.37267074229826,71588400
2019-07-11,48.348724365234375,48.98139154151442,48.33914010566711,48.72257265257459,80767200
2019-07-12,48.72016525268555,48.887917178326454,48.45655247188003,48.51646413508877,70380800
2019-07-15,49.177886962890625,49.336050960909304,48.8879129292078,48.90948024847616,67789600
2019-07-16,49.00773620605469,49.393567429544646,48.768089574240236,49.02930352530581,67467200
2019-07-17,48.732154846191406,49.14913773769552,48.712982672589646,48.899906794309054,56430000
2019-07-18,49.285728454589844,49.33845100749355,48.816019435097935,48.88791415785004,74162400
2019-07-19,48.55000686645508,49.48702600893368,48.494889168873144,49.31687530328883,83717200
2019-07-22,49.65957260131836,49.66196775108629,48.79444816186031,48.804032417649225,89111600
2019-07-23,50.04780578613281,50.064582806950405,49.67635274522786,49.95674254519547,73420800
2019-07-24,50.007057189941406,50.12208653775661,49.647587278391484,49.76741058224146,59966400
2019-07-25,49.61164474487305,50.14366053862095,49.54214517668298,50.05978275817563,55638400
2019-07-26,49.78419494628906,50.26108942568483,49.640405497764334,49.72188447879348,70475600
2019-07-29,50.24910354614258,50.47916591954553,49.95194406569725,49.95673802217077,86693600
2019-07-30,50.033424377441406,50.36413790530998,49.681143529942474,50.028630420839946,135742800
2019-07-31,51.054325103759766,53.05058230898032,50.6373422371492,51.864332020665906,277125600
2019-08-01,49.94954299926758,52.2501520023427,49.544543285154184,51.260410296588674,216071600
2019-08-02,48.89270782470703,49.470253439827765,48.31995250948189,49.25457292956728,163448400
2019-08-05,46.33327865600586,47.6058016786869,46.151148533272625,47.44763768168687,209572000
2019-08-06,47.21038818359375,47.46681184418083,46.5010325186815,47.04503141655611,143299200
2019-08-07,47.69926834106445,47.82388562486308,46.448316172994446,46.829353474745794,133457600
2019-08-08,48.751319885253906,48.775286014725964,47.78314895610071,47.977262171983355,108038000
2019-08-09,48.34958267211914,48.77536618277326,47.94063258255727,48.42415480097006,98478800
2019-08-12,48.226905822753906,48.604582383905836,47.90696431029729,48.02002648652675,89927600
2019-08-13,50.26922607421875,51.03179177110684,48.22689462466071,48.35679753640936,188874000
2019-08-14,48.7729606628418,49.6606171063461,48.73447063907869,48.87158997225576,146189600
2019-08-15,48.529998779296875,49.3478915876303,48.03204373725205,48.94375735403797,108909600
2019-08-16,49.6750602722168,49.83382890028056,49.035177258949965,49.14102301099248,110481600
2019-08-19,50.601200103759766,51.17372364887826,50.5242200506216,50.66614789415775,97654400
2019-08-20,50.603599548339844,51.32286671027369,50.59397887791668,50.728690287504556,107537200
2019-08-21,51.15207290649414,51.39503430979136,50.90189508225022,51.23626937835333,86141600
2019-08-22,51.10878372192383,51.58508594451301,50.697429299725314,51.284389448073355,89014800
2019-08-23,48.746517181396484,51.01016160783568,48.35200346907035,50.37989916610324,187272000
2019-08-26,49.67264938354492,49.841038661740455,49.32865073537815,49.521097197863455,104174400
2019-08-27,49.112144470214844,50.168190122552296,48.96059230394022,50.00220511579637,103493200
2019-08-28,49.44171905517578,49.48742550865508,48.910089719870605,49.09772403475613,63755200
2019-08-29,50.27885055541992,50.35342635813325,49.713543433301666,50.15616772556869,83962000
2019-08-30,50.21391677856445,50.625267580316546,49.84345659422994,50.55550759970424,84573600
2019-09-03,49.48260498046875,49.790517838568434,49.126581426530514,49.65821067205432,80092000
2019-09-04,50.32215118408203,50.391911143051544,49.87231048470653,50.12970472847496,76752400
2019-09-05,51.306034088134766,51.4720191264989,50.88024685980213,50.99812119719681,95654800
2019-09-06,51.30121994018555,51.5802671339122,51.12080206554331,51.491262157017566,77449200
2019-09-09,51.52012252807617,52.06618826677123,50.774397592176236,51.681295372324975,109237600
2019-09-10,52.12873077392578,52.14797578532957,50.92835301132534,51.44554938683884,127111600
2019-09-11,53.78617858886719,53.81504794626473,52.37651337789359,52.45830560814016,177158400
2019-09-12,53.66590118408203,54.46695704558074,53.610574059650254,54.07725558292079,128906800
2019-09-13,52.62187194824219,53.11260687614232,52.205709143005315,52.922568359375,159053200
2019-09-16,52.89852523803711,52.95385603523136,52.33562228773011,52.37651657004013,84632400
2019-09-17,53.09096145629883,53.11983080987123,52.71088072465714,52.91295151722097,73274800
2019-09-18,53.58892059326172,53.60816560690575,52.78786479455756,53.177566226668915,101360000
2019-09-19,53.15351486206055,53.82707201378475,53.011583339522566,53.40609695865153,88242400
2019-09-20,52.37651443481445,53.538406069355176,52.313970888644974,53.25455035526527,221652400
2019-09-23,52.614662170410156,52.884085014203336,52.357264248091994,52.66998928927248,76662000
2019-09-24,52.36447525024414,53.52155814993142,52.24660460358803,53.17034311866597,124763200
2019-09-25,53.17035675048828,53.28341892628327,52.23458940465702,52.573775932041976,87613600
2019-09-26,52.8961181640625,53.14870393718803,52.641128140556994,52.92257960068729,75334000
2019-09-27,52.63871383666992,53.15350595673163,52.26825379467724,53.052468730289576,101408000
2019-09-30,53.877586364746094,54.0243263762996,53.11261270219493,53.139074136101655,103909600
2019-10-01,54.026729583740234,54.89995321519849,53.932912441810814,54.14219965889246,139223200
2019-10-02,52.67240524291992,53.78377831366892,52.42462795411642,53.658687543997424,138449200
2019-10-03,53.11983871459961,53.15351657327003,51.751067761117135,52.54490352557878,114426000
2019-10-04,54.60888671875,54.724356813505494,53.858349455896516,54.27932454100421,138478800
2019-10-07,54.620906829833984,55.31130468759633,54.3274268081445,54.430868293138765,122306000
2019-10-08,53.98102569580078,54.86146578985083,53.96418860317499,54.32262009604962,111820000
2019-10-09,54.61368942260742,54.79651153502603,54.27931513122723,54.61368942260742,74770400
2019-10-10,55.34980010986328,55.43399659026294,54.67864719946671,54.830195725330384,113013600
2019-10-11,56.8220100402832,57.1660050272492,55.88383488648209,56.03779132655972,166795600
2019-10-14,56.74021530151367,57.283876824130715,56.45154744797599,56.506874566173074,96427600
2019-10-15,56.60791778564453,57.16841278912609,56.50207203834991,56.865312061464365,87360000
2019-10-16,56.37937545776367,56.58866266457872,56.09792404578203,56.13881831891331,73903200
2019-10-17,56.59828567504883,56.8075692199058,56.17490641458794,56.55257922947988,67585200
2019-10-18,56.8701171875,57.15156861487775,56.3601335292246,56.4323014089496,97433600
2019-10-21,57.85639953613281,57.971869612391714,57.089025301514894,57.13713599798401,87247200
2019-10-22,57.724090576171875,58.26293619861339,57.64229836224228,58.01275839828133,82293600
2019-10-23,58.49868392944336,58.5131204412516,58.02719398747313,58.23888544666587,75828800
2019-10-24,58.594913482666016,58.88839351156194,58.16912628162669,58.818629879608615,69275200
2019-10-25,59.31658172607422,59.35266382986674,58.42652101662137,58.49387672410792,73477200
2019-10-28,59.910762786865234,59.958873485830956,59.350264150917546,59.51865343260309,96572800
2019-10-29,58.52515411376953,60.07915509588314,58.35195632288788,59.89152079103439,142839600
2019-10-30,58.5179328918457,59.00867154935717,58.024793654786826,58.87876862858786,124522000
2019-10-31,59.84099578857422,59.93962510180534,57.07458854156934,59.47535156050555,139162000
2019-11-01,61.53933334350586,61.56579110685089,59.937221805325485,60.02863102849158,151125200
2019-11-04,61.94347381591797,62.02767029711615,61.43349376919417,61.90257586520256,103272000
2019-11-05,61.85446548461914,62.109455494173645,61.65961476677508,61.8352168001874,79897600
2019-11-06,61.880924224853516,61.94106351751216,61.43108349036237,61.76786206100636,75864400
2019-11-07,62.59510803222656,62.81708830253441,62.27661748219188,62.428624670311265,94940400
2019-11-08,62.76642608642578,62.83880696047028,61.97261480584435,62.41656801426399,69986400
2019-11-11,63.26346206665039,63.32860485433019,62.317643572216376,62.32246650947536,81821200
2019-11-12,63.20553970336914,63.40580569755852,62.95461446805824,63.10661428120815,87388800
2019-11-13,63.8111686706543,63.88596470199098,62.990820113137914,63.005296289315105,102734400
2019-11-14,63.36960983276367,63.91007320187958,63.23931692654425,63.63742636766127,89182800
2019-11-15,64.12239837646484,64.12722131238719,63.4588802057258,63.62053323662518,100206400
2019-11-18,64.44574737548828,64.52536636009172,63.7532764804503,64.1320796491291,86703200
2019-11-19,64.25028228759766,64.66286792796207,64.03313233810385,64.63873851951571,76167200
2019-11-20,63.50233840942383,64.19963218416191,62.82916668883669,64.06934658399491,106234400
2019-11-21,63.217620849609375,63.70017967174108,63.017354814997276,63.62296849301683,121395200
2019-11-22,63.162105560302734,63.49989516487859,62.93530239081728,63.35754123735238,65325200
2019-11-25,64.26958465576172,64.28647597885696,63.34065760793023,63.38650127732471,84020400
2019-11-26,63.76773452758789,64.46020522572698,63.335842340958784,64.40712346332975,105207600
2019-11-27,64.62425994873047,64.65804259195393,64.01382349032718,64.07896626377921,65235600
2019-11-29,64.48188781738281,64.662847278049,64.15615931553182,64.32505775745732,46617600
2019-12-02,63.73637008666992,64.72320199396488,63.5650637665916,64.4867455204349,94487200
2019-12-03,62.599937438964844,62.61923654932985,61.83749372245772,62.324875414243316,114430400
2019-12-04,63.1524658203125,63.531276233622215,62.896710253389905,62.990812750806576,67181600
2019-12-05,64.07897186279297,64.15377524171508,63.391331548709125,63.64708709192012,74424400
2019-12-06,65.31672668457031,65.38669975339957,64.49396326902664,64.53739914538396,106075600
2019-12-09,64.40229797363281,65.33845582103804,63.917324043827655,65.14543525447796,128042400
2019-12-10,64.7786865234375,65.16231982994417,64.14652840241263,64.80763886909658,90420400
2019-12-11,65.33122253417969,65.41084886210179,64.7835209297938,64.85831695707625,78756800
2019-12-12,65.49769592285156,65.76310470333209,64.49880315683109,64.60978960566402,137310400
2019-12-13,66.38803100585938,66.42422144624238,65.36983155792407,65.49770935611971,133587600
2019-12-16,67.52445220947266,67.74884765705623,66.82957369318359,66.83439663061318,128186000
2019-12-17,67.65715026855469,67.98528668341874,67.26868664682006,67.45447647762181,114158400
2019-12-18,67.49549865722656,68.01666305761623,67.34590660367515,67.50997483252102,116028400
2019-12-19,67.56306457519531,67.84294960271288,67.30490117644776,67.43760192007254,98369200
2019-12-20,67.4231185913086,68.19762343192532,67.21079153341988,68.09629020364594,275978000
2019-12-23,68.52336883544922,68.58368870238183,67.64752318946526,67.68612878789394,98572000
2019-12-24,68.58849334716797,68.73809276240259,68.26277204321963,68.68983393642199,48478800
2019-12-26,69.94931030273438,69.966201627571,68.69224671623391,68.72119906551794,93121200
2019-12-27,69.9227523803711,70.9288905053271,69.51740484131803,70.24124288816766,146266000
2019-12-30,70.33775329589844,70.62005337456992,68.81769633977586,69.84071842512762,144114400
2019-12-31,70.8517074584961,70.858945547306,69.85522217383321,69.95414762974494,100805600
2020-01-02,72.46827697753906,72.52859683396065,71.223274257406,71.47661470907116,135480400
2020-01-03,71.76371002197266,72.5237384458872,71.5393220101689,71.69615210347494,146322800
2020-01-06,72.3355712890625,72.3741768820521,70.63455422652187,70.88548689932232,118387200
2020-01-07,71.99536895751953,72.60097528872254,71.77580380389517,72.34521969510813,108872000
2020-01-08,73.15350341796875,73.4551026743299,71.69858889981313,71.69858889981313,132079200
2020-01-09,74.70733642578125,74.90035698659045,73.87974991049977,74.13067516689924,170108400
2020-01-10,74.876220703125,75.44082088635776,74.3743628731269,74.94137084294664,140644800
2020-01-13,76.47592163085938,76.5024661955154,75.07408881301154,75.19232073386635,121532000
2020-01-14,75.44325256347656,76.62311254429632,75.32020505767588,76.41320061231343,161954400
2020-01-15,75.11993408203125,76.12365735740354,74.68804185654645,75.24298894303718,121923600
2020-01-16,76.06092834472656,76.17192218872837,75.30089958102596,75.66281874119426,108829200
2020-01-17,76.90296173095703,76.90536951718424,76.00298720000536,76.309409291276,137816400
2020-01-21,76.3818130493164,76.97294309653658,76.24428203921465,76.53140508279039,110843200
2020-01-22,76.65447235107422,77.2069969045426,76.56036984576589,76.86679204908404,101832400
2020-01-23,77.02363586425781,77.10325483712239,76.15985137274346,76.70756039684032,104472000
2020-01-24,76.80162811279297,78.01284778014684,76.61101536754971,77.26971063356069,146537600
2020-01-27,74.54326629638672,75.22366854186772,73.56125746709372,74.81108286986905,161940000
2020-01-28,76.65205383300781,76.8233601467646,75.32501712161712,75.42394256005781,162234000
2020-01-29,78.2565689086914,79.10346205845778,77.54238386247792,78.2831134747075,216229200
2020-01-30,78.14317321777344,78.19625499057338,76.90782362889976,77.33971590016903,126743200
2020-01-31,74.67838287353516,77.85602816826189,74.38402173692818,77.43378925544725,199588400
2020-02-03,74.47329711914062,75.63867332859459,72.91945726436026,73.42131515382538,173788400
2020-02-04,76.93194580078125,77.12255860741972,75.67246691320435,76.07781457826587,136616400
2020-02-05,77.55928039550781,78.3579147679031,76.95608178413589,78.0587232496429,118826800
2020-02-06,78.46646881103516,78.46888396119307,77.27214024163042,77.82949504667184,105425600
2020-02-07,77.39991760253906,78.21495789684333,76.90895819607671,77.96585056017996,117684000
2020-02-10,77.76752471923828,77.76752471923828,75.905268338878,75.98507626887303,109348800
2020-02-11,77.2983169555664,78.33586413946524,77.08065162389036,78.26331148915241,94323200
2020-02-12,79.13397216796875,79.13880655058661,77.74815764169257,77.74815764169257,113730400
2020-02-13,78.57046508789062,78.89696679324649,78.20285267206994,78.40600748455542,94747600
2020-02-14,78.58980560302734,78.83891285274403,78.08191495757227,78.53901137196604,80113600
2020-02-18,77.15078735351562,77.33217635199567,76.08905353965851,76.27044253813855,152531200
2020-02-19,78.26815032958984,78.49791270322793,77.39264718918032,77.39264718918032,93984000
2020-02-20,77.4651870727539,78.51724467318775,76.95971731481961,78.0287063254119,100566000
2020-02-21,75.71178436279297,77.50149550977896,75.09506456264181,77.05890210716204,129554000
2020-02-24,72.11543273925781,73.56654484289926,69.950861613102,71.8929330165793,222195200
2020-02-25,69.67272186279297,73.16748626275555,69.20111488480276,72.7853633450679,230673600
2020-02-26,70.77798461914062,72.04287320574078,69.29059633111234,69.2978515957081,198054800
2020-02-27,66.1513671875,69.16968329754985,66.015930635838,67.98460978013814,320605600
2020-02-28,66.11266326904297,67.3340203730767,62.00359989656375,62.21885173263986,426510000
2020-03-02,72.26779174804688,72.90386365568166,67.16713422063305,68.26997869246647,341397200
2020-03-03,69.97262573242188,73.52301148955354,69.12130192834442,73.4432035732901,319475600
2020-03-04,73.21826934814453,73.37789254779408,70.89407525882817,71.69460475808327,219178400
2020-03-05,70.84326934814453,72.44674141627438,70.47807057837562,71.47207845059465,187572800
2020-03-06,69.90250396728516,70.33542124210555,68.01606076088595,68.20228419897296,226176800
2020-03-09,64.37377166748047,67.25664434069014,63.60709732294457,63.78848638375145,286744800
2020-03-10,69.0100326538086,69.27607126773326,65.147656821936,67.02685114609001,285290000
2020-03-11,66.61329650878906,68.01362169576068,65.74988307252373,67.08733175658426,255598800
2020-03-12,60.03492736816406,65.30004700639003,59.979302435498994,61.89960811199781,418474000
2020-03-13,67.22759246826172,67.6992067625623,61.176455139066015,64.06417194479151,370732000
2020-03-16,58.578975677490234,62.65901412516802,58.044481123383505,58.51609179443726,322423600
2020-03-17,61.15471267700195,62.30350628361324,57.65753022916696,59.86080266635984,324056000
2020-03-18,59.65763473510742,60.4630023695136,57.34794730651824,57.98885734585637,300233600
2020-03-19,59.20053482055664,61.149861434253346,58.67571640074359,59.83176871542281,271857200
2020-03-20,55.44215774536133,60.905593927619734,55.142259915533515,59.780979833542105,401693200
2020-03-23,54.264339447021484,55.26318952393012,51.420160868327166,55.16161211294488,336752800
2020-03-24,59.70842742919922,59.904326973466,56.66592859765041,57.1641431646422,287531200
2020-03-25,59.37949752807617,62.4582721154087,59.084437825370244,60.64438231534842,303602000
2020-03-26,62.504234313964844,62.56227643476942,59.58266157820947,59.621358785658394,252087200
2020-03-27,59.91641616821289,61.882670430565696,59.74953769675213,61.12809336695391,204216800
2020-03-30,61.62629318237305,61.798009686158075,60.31787328129676,60.64195769052711,167976400
2020-03-31,61.500545501708984,63.483731229594824,60.94670602705082,61.8173747321562,197002000
2020-04-01,58.264564514160156,60.15342798886396,57.83406826188775,59.61651626922201,176218400
2020-04-02,59.23680877685547,59.290016512254034,57.29473750591379,58.12670897901646,165934000
2020-04-03,58.38547897338867,59.423022194480964,57.795359636672465,58.72165302958451,129880000
2020-04-06,63.478885650634766,63.63366707050028,60.313044309393355,60.68065663971816,201820400
2020-04-07,62.74367141723633,65.71120059846693,62.63967681398028,65.49352786324853,202887200
2020-04-08,64.34956359863281,64.66396824725281,63.17900080091498,63.544192303076315,168895200
2020-04-09,64.81392669677734,65.31698307985819,64.0182387887634,64.98564696158498,161834800
2020-04-13,66.08604431152344,66.19488063962808,64.29149962285975,64.89129510661289,131022800
2020-04-14,69.42361450195312,69.71383985781922,67.24694647516952,67.71856083326759,194994800
2020-04-15,68.78997039794922,69.2494877739681,67.87093564591146,68.29901107744294,131154400
2020-04-16,69.3365478515625,69.70174671960459,68.28691109689659,69.50342631571836,157125200
2020-04-17,68.39574432373047,69.3994360529156,66.95914281806782,68.85284815768563,215250000
2020-04-20,66.97608184814453,68.12487900696708,66.95673693299449,67.22277564592211,130015200
2020-04-21,64.90583038330078,67.05347766583337,64.19478479973962,66.81888089328784,180991600
2020-04-22,66.77534484863281,67.21067553657838,65.8321234375921,66.1731282940646,116862400
2020-04-23,66.51655578613281,68.14180153410112,66.47785858014103,66.71971058203668,124814400
2020-04-24,68.4368667602539,68.44654290771221,66.99300989791057,67.04138325446418,126161200
2020-04-27,68.48522186279297,68.81655786273095,67.70645826657413,68.15387848211901,117087600
2020-04-28,67.3751449584961,69.12857242814091,67.28324737370122,68.94718337955696,112004800
2020-04-29,69.58807373046875,70.05726716798014,68.65936300137292,68.86251778141856,137280800
2020-04-30,71.05612182617188,71.2326764610738,69.7380327214539,70.12741093803704,183064000
2020-05-01,69.91215515136719,72.31374359365245,69.13339146359068,69.23013078154854,240616800
2020-05-04,70.90131378173828,71.02949501139257,69.24704744062551,69.93632692793965,133568000
2020-05-05,71.96549224853516,72.79746385447393,71.21574945029819,71.36086215007607,147751200
2020-05-06,72.70796203613281,73.33919216211522,72.28230018886588,72.6668439519477,142333600
2020-05-07,73.46011352539062,73.80596744487967,73.0320382041835,73.3343531605904,115215200
2020-05-08,75.20860290527344,75.26195467448645,73.79236468701193,74.11975020715006,133838400
2020-05-11,76.39203643798828,76.88674476777591,74.50775467946016,74.71631428574544,145946400
2020-05-12,75.5190200805664,77.52697546648025,75.39776671813026,77.07590910984447,162301200
2020-05-13,74.60718536376953,76.61999543008798,73.53045501521297,75.69846552238357,200622400
2020-05-14,75.06552124023438,75.12614791139806,73.12304032792042,73.84571291244961,158929200
2020-05-15,74.62175750732422,74.66783438653562,72.80295669861978,72.83691119939427,166348400
2020-05-18,76.3799057006836,76.75336807886046,75.25467849728416,75.94582405017557,135178400
2020-05-19,75.93853759765625,77.24321718664922,75.90701054835078,76.39687132782922,101729600
2020-05-20,77.41542053222656,77.48574215036817,76.75822201252429,76.79702397462873,111504800
2020-05-21,76.83824920654297,77.81797834459402,76.60058997680626,77.27718574052247,102688800
2020-05-22,77.33297729492188,77.41542869782153,76.47450136951518,76.57635005515425,81803200
2020-05-26,76.80915069580078,78.6303710026143,76.75337148985957,78.45091841064635,125522000
2020-05-27,77.14379119873047,77.289296677021,75.92641041182232,76.6660601761675,112945200
2020-05-28,77.1777572631836,78.43636762804827,76.54239089339562,76.81884468298037,133560800
2020-05-29,77.10256958007812,77.88101390169892,76.74608448687897,77.42025271883264,153532400
2020-06-01,78.05078887939453,78.17204223872224,76.92555415248881,77.05650985276371,80791200
2020-06-02,78.412109375,78.43636152325215,77.34265402331467,77.78401795906733,87642800
2020-06-03,78.84376525878906,79.10567659978926,78.15989469149704,78.73221426577138,104491200
2020-06-04,78.16474914550781,78.96501817057388,77.79128681347618,78.66673971249166,87560400
2020-06-05,80.39098358154297,80.45161026599361,78.38545552417453,78.41455514859591,137250400
2020-06-08,80.86628723144531,80.90024172394006,79.3772998475136,80.08784274734353,95654400
2020-06-09,83.41988372802734,83.81274342787988,80.51465797687612,80.54618503439575,147712400
2020-06-10,85.56607818603516,86.03411442316352,83.92915767319556,84.36809428532175,166651600
2020-06-11,81.4579849243164,85.13438674688165,81.35613627237949,84.71000009547407,201662400
2020-06-12,82.16127014160156,84.34383052506377,81.05059266944424,83.59691311681682,200146000
2020-06-15,83.17737579345703,83.82971944873768,80.65288000271148,80.81536275804567,138808800
2020-06-16,85.38175964355469,85.65337337676685,83.596913801037,85.23140666668927,165428800
2020-06-17,85.26292419433594,86.18687406891311,85.14167085225792,86.12624739787411,114406400
2020-06-18,85.29688262939453,85.71399444147255,84.6881884557675,85.21927871070163,96820400
2020-06-19,84.80945587158203,86.4682010550296,83.70119831369777,86.00259226707146,264476000
2020-06-22,87.02838134765625,87.17145941767127,85.15622926088085,85.20230612758097,135445200
2020-06-23,88.88597869873047,90.3046443458434,87.85289780891296,88.27243705588172,212155600
2020-06-24,87.31694793701172,89.43403375590695,86.94348560614667,88.51493143673328,192623200
2020-06-25,88.47614288330078,88.51494484309887,86.71312185164297,87.47216900112456,137522400
2020-06-26,85.75765228271484,88.5925564218204,85.60971933565048,88.3718744192934,205256800
2020-06-29,87.73408508300781,87.82866626069892,85.18776440060446,85.66550295799838,130646000
2020-06-30,88.46644592285156,88.7526094686746,87.30241666099202,87.32181394171208,140223200
2020-07-01,88.29910278320312,89.087249484998,88.25060588813794,88.5440368956825,110737200
2020-07-02,88.29910278320312,89.84144910031887,88.18513174947753,89.20608278944812,114041600
2020-07-06,90.66111755371094,91.12915363770222,89.69593836953126,89.72746541987443,118655600
2020-07-07,90.37982177734375,91.81788471884249,90.2682707685785,91.03944029125856,112424400
2020-07-08,92.48477935791016,92.51630641314865,91.26981841791165,91.35712467862727,117092000
2020-07-09,92.88247680664062,93.43053681744466,91.83484627515189,93.37718505702489,125642800
2020-07-10,93.04496002197266,93.10316665691907,91.86638112451729,92.47749528608121,90257200
2020-07-13,92.61572265625,96.95901797723327,92.40231560385234,94.34964385590663,191649200
2020-07-14,94.14836120605469,94.33993613472713,91.0636762626478,91.99732096254738,170989200
2020-07-15,94.79585266113281,96.27271734408903,93.59786915923183,96.02293577834864,153198000
2020-07-16,93.6294174194336,94.48546583387535,93.0304255327924,93.66821938221526,110577600
2020-07-17,93.44024658203125,94.23566818195913,92.9673556043315,94.0804677579499,92186800
2020-07-20,95.40940856933594,95.54763916358735,93.18319885433614,93.527561622358,90318000
2020-07-21,94.09259796142578,96.27515822341762,93.84281636080428,96.19998173978415,103433200
2020-07-22,94.35691833496094,95.03836147832928,93.70700224247064,93.79430109039494,89001600
2020-07-23,90.06214141845703,94.1677781639269,89.25216991066098,94.09017424204148,197004400
2020-07-24,89.83903503417969,90.18339782375423,86.47304066581674,88.26032136137546,185438800
2020-07-27,91.9682388305664,92.06039256097253,90.67810880703217,90.90121082733599,121214000
2020-07-28,90.45742797851562,91.71603836365466,90.45257310797918,91.53900580557185,103625600
2020-07-29,92.19134521484375,92.37565266958501,90.9036352682461,90.94000979201954,90329200
2020-07-30,93.30686950683594,93.41114559964625,90.9569792625978,91.36438869547271,158130000
2020-07-31,103.07503509521484,103.22538804359196,97.8029351589063,99.8011951135409,374336800
2020-08-03,105.67227935791016,108.29134838170961,104.6586032735747,104.95688173530395,308151200
2020-08-04,106.37798309326172,107.46926317333123,105.13877008729901,105.86144267124749,173071600
2020-08-05,106.76356506347656,107.08367565483033,105.63348305512756,106.09909913352544,121776800
2020-08-06,110.48847198486328,110.98318771588607,106.50651618913851,107.09580568303383,202428800
2020-08-07,107.97644805908203,110.46662369685443,107.17959215155733,110.00988785704244,198045600
2020-08-10,109.54585266113281,110.56378836086954,106.89533339122227,109.4219488794754,212403600
2020-08-11,106.28797912597656,109.30777067354109,106.02802731765381,108.80973853697522,187902400
2020-08-12,109.82036590576172,110.07788585431382,107.18442302937045,107.37877518954045,165598000
2020-08-13,111.76392364501953,112.7672832263659,110.71197231378294,111.20029196815734,210082000
2020-08-14,111.66431427001953,111.75420233347295,109.8543791144295,111.58900224852829,165565200
2020-08-17,111.3727798461914,112.81101111968458,110.74598779263943,112.78671524478968,119561600
2020-08-18,112.30083465576172,112.72598654466942,110.78972307405309,111.12498689269856,105633600
2020-08-19,112.44173431396484,113.8556697465018,112.34699003787868,112.70897411610314,145538000
2020-08-20,114.9367904663086,115.05097442556867,112.46604709851567,112.48305495531345,126907200
2020-08-21,120.8597412109375,121.343197228119,115.88424717471018,115.89639140480685,338054800
2020-08-24,122.30526733398438,125.15014624205317,120.4394596328143,125.06510696520752,345937600
2020-08-25,121.30191040039062,121.64689406910605,119.57943869691742,121.17801402833966,211495600
2020-08-26,122.95150756835938,123.40824339844946,121.55214798920018,122.61867553010855,163022400
2020-08-27,121.48168182373047,123.88682518833696,120.33741060365348,123.55399319873169,155552400
2020-08-28,121.28491973876953,122.87376795038361,121.06140802616056,122.45590402911932,187630000
2020-08-31,125.39794921875,127.30263641002203,122.44375715773111,123.97916478082978,225702700
2020-09-01,130.39283752441406,130.99534845473963,126.84586266163116,129.0129180085765,151948100
2020-09-02,127.69132995605469,134.0856162874723,123.41552250903742,133.70662433115996,200119000
2020-09-03,117.46826171875,125.20359657134411,117.09898956594436,123.32807630409383,257599600
2020-09-04,117.54598999023438,120.20865338231157,107.76020880398585,116.68111019411374,332607200
2020-09-08,109.63573455810547,115.63158886854931,109.49968655275791,110.73383843385653,231366600
2020-09-09,114.00873565673828,115.77736730217215,112.0068798970881,113.95043148169943,176940500
2020-09-10,110.28683471679688,117.09898522798876,109.32477873982353,116.96293720757075,182274400
2020-09-11,108.83888244628906,111.97772133616776,106.89533097403391,111.33634579157453,180860300
2020-09-14,112.10404968261719,112.65796155648654,109.6163061668615,111.48211380367826,140150100
2020-09-15,112.27897644042969,115.4761197012607,110.40344885623584,114.99023180291059,184642000
2020-09-16,108.9652099609375,112.72598470596552,108.87775370396636,111.97772065587975,154679000
2020-09-17,107.22573852539062,109.03324211177724,105.64174663584149,106.62324227263575,178011000
2020-09-18,103.82452392578125,107.75049908575595,103.09569206867344,107.28405084908114,287104900
2020-09-21,106.97306823730469,107.0799641548333,100.1900707538578,101.58943010037062,195713800
2020-09-22,108.65425109863281,109.67461866621314,106.07905112970725,109.49969872360111,183055400
2020-09-23,104.09662628173828,108.94578544391972,103.75649882076176,108.46961737823794,150718700
2020-09-24,105.16558074951172,107.1382844839182,102.03646141325542,102.20166152378793,167743300
2020-09-25,109.1109848022461,109.26647248780473,104.63109780542541,105.36964948370711,149981400
2020-09-28,111.71532440185547,112.06516421823142,109.59685325338319,111.76391614848642,137672400
2020-09-29,110.8698959350586,112.0554635809669,110.36457578821059,111.31691932127065,99382200
2020-09-30,112.5413589477539,113.95043838034034,110.41317487532415,110.57837499064281,142675200
2020-10-01,113.49369049072266,114.3974422328623,112.56078666239473,114.31969839365316,116120400
2020-10-02,109.83008575439453,112.11376456822066,109.0526696470594,109.70375758314337,144712000
2020-10-05,113.21186828613281,113.35763612296132,110.34513295609943,110.6949727988638,106243800
2020-10-06,109.96613311767578,112.84258807364455,109.08181374151268,112.43443667707562,161498200
2020-10-07,111.83196258544922,112.28869840481383,110.90877111263151,111.3849466001731,96849000
2020-10-08,111.72505950927734,113.11469913263745,111.35577997813651,112.96893128687452,83477200
2020-10-09,113.66861724853516,113.69776933647424,111.67647388000671,112.02631376339767,100506900
2020-10-12,120.88890075683594,121.64688463034302,115.91340641347355,116.67139028698064,240226800
2020-10-13,117.68203735351562,121.85095605169045,116.27296553538521,121.73434029707663,262330500
2020-10-14,117.76952362060547,119.5575877167491,116.24383575511227,117.58488382722,150712000
2020-10-15,117.30304718017578,117.77921521072741,114.81530369020432,115.36921555833267,112559200
2020-10-16,115.66073608398438,118.11933473782237,115.45666408455465,117.85695115708421,115393800
2020-10-19,112.7065658569336,117.02124557068035,112.39559788284319,116.57422957130423,120639300
2020-10-20,114.19336700439453,115.62187849993559,112.36642390465587,112.9203357688391,124423700
2020-10-21,113.57144165039062,115.35950558309032,113.16329017526478,113.37708203983998,89946000
2020-10-22,112.48303985595703,114.70840714970598,111.35577645934274,114.13505561823894,101988000
2020-10-23,111.79308319091797,113.2604666496336,111.05453154484074,113.10497897085499,82572600
2020-10-26,111.80281066894531,113.26047439389082,109.69405151217103,110.79216292996242,111850700
2020-10-27,113.30905151367188,113.96985932342135,111.30719583151641,112.23037983284465,92276800
2020-10-28,108.06147766113281,112.17209300111841,107.96430155345347,111.80282082631223,143937800
2020-10-29,112.06517028808594,113.62972971438177,109.03322751995996,109.19843501901767,146129200
2020-10-30,105.78751373291016,108.82916930496091,104.67968991872881,107.92541751822762,190272600
2020-11-02,105.70004272460938,107.55613792475565,104.29097088393719,106.03045032760409,122866900
2020-11-03,107.32291412353516,108.34327419283329,105.6611785129121,106.56493023946784,107624400
2020-11-04,111.70562744140625,112.32756337251364,109.17901179452487,110.91849140042434,138235500
2020-11-05,115.67046356201172,116.24381509607197,113.57143184766637,114.62094399780884,126387100
2020-11-06,115.5390625,116.03551785418253,113.0470194186013,115.17888245464515,114457900
2020-11-09,113.23197937011719,118.7514525250263,112.96915049805817,117.3010105733885,154515300
2020-11-10,112.8912582397461,114.46824612623837,111.10010224382926,112.48241007857042,138023400
2020-11-11,116.31781005859375,116.45409278270938,113.34878508110145,114.07887428608585,112295000
2020-11-12,116.04524993896484,117.33020670166636,115.42224104958544,116.44436895423854,103162300
2020-11-13,116.09391784667969,116.49302940870272,114.74081980829087,116.269139549406,81581900
2020-11-16,117.10631561279297,117.77799265499445,115.01339166540757,115.76294667468657,91183000
2020-11-17,116.220458984375,117.4664766273085,115.80187423618474,116.37621490316717,74271000
2020-11-18,114.89656066894531,116.63904097831926,114.86735829157409,115.46116472095827,76322100
2020-11-19,115.4903793334961,115.89922751370858,113.70895985661822,114.4682514561133,74113000
2020-11-20,114.22488403320312,115.6169210548832,114.17621587656545,115.49037493540368,73604300
2020-11-23,110.8275375366211,114.49745669006192,110.7301937966756,114.06913532208017,127959300
2020-11-24,112.11248016357422,112.77442790983892,109.60097188273014,110.88593582564137,113874200
2020-11-25,112.94966888427734,113.6505557267342,112.11249931432629,112.48241594054053,76499200
2020-11-27,113.49480438232422,114.3709129708123,113.1346317708944,113.47533860340312,46691300
2020-11-30,115.8895034790039,117.75853018018704,113.70896490077166,113.86472083929621,169410200
2020-12-01,119.46205139160156,120.19214051849595,116.82399690431193,117.79744907350444,127728200
2020-12-02,119.81253051757812,120.0948326221023,117.6806672543266,118.78066586007702,89004200
2020-12-03,119.67622375488281,120.493920092042,118.96560033409804,120.24082042379452,78967600
2020-12-04,119.0045394897461,119.59834596601074,118.29391606792319,119.3452462973935,78260400
2020-12-07,120.46472930908203,121.26295994561156,119.00455077200225,119.06295553689276,86712000
2020-12-08,121.07798767089844,121.66206495991713,119.82223338247024,121.06825849577237,82225500
2020-12-09,118.54701232910156,122.60630637821869,117.78772077192583,121.22400598300898,115089200
2020-12-10,119.96825408935547,120.58153376453309,116.96029017970807,117.30099698433379,81312200
2020-12-11,119.16030883789062,119.50101568391099,117.34968682549408,119.17977461758369,86939800
2020-12-14,118.54701232910156,120.0753320453492,118.31338587155162,119.34524286701082,79184500
2020-12-15,124.48506927490234,124.50454247866038,120.83462338964168,121.03904746799414,157243700
2020-12-16,124.41691589355469,124.96204671648748,123.20010071604366,124.02754097823153,98208600
2020-12-17,125.28329467773438,126.13993736355808,124.6408126633666,125.4779821462302,94359800
2020-12-18,123.29747772216797,125.67270382324948,122.77181256405065,125.53642108894336,192541500
2020-12-21,124.82579040527344,124.90366837554562,120.17268937086521,121.70100925990957,121251600
2020-12-22,128.37887573242188,130.8417085111979,126.20806671895433,128.11603948994306,168904800
2020-12-23,127.48330688476562,128.91426795602177,127.30807776451475,128.65144655619818,88223700
2020-12-24,128.46653747558594,129.91698715927026,127.61963848875611,127.83379924349359,54930100
2020-12-28,133.0612030029297,133.6939410837403,129.96561683148184,130.43288465030292,124486200
2020-12-29,131.28948974609375,135.1054204796811,130.77356128298763,134.38507537843176,121047300
2020-12-30,130.1700439453125,132.37978484573765,129.85853207666074,131.98066583416636,96452100
2020-12-31,129.1674041748047,131.1629846094566,128.22315413773092,130.52050244643019,99116600
2021-01-04,125.97444915771484,130.06294530983888,123.39479941625174,129.97533817923727,143301900
2021-01-05,127.53199768066406,128.24262865019975,125.02048862539876,125.46828327943898,97664900
2021-01-06,123.23906707763672,127.57093452826126,123.02490637051051,124.32933639261917,155088000
2021-01-07,127.44440460205078,128.13556244025588,124.46564220980372,124.95236847922205,109578200
2021-01-08,128.54440307617188,129.10900729754997,126.77271243111933,128.9143049184012,105158200
2021-01-11,125.55586242675781,126.71427293823224,125.08860952298478,125.76029392736588,100384500
2021-01-12,125.38066101074219,126.24703297603195,123.49216114503781,125.08862234580894,91951100
2021-01-13,127.41517639160156,127.96030732627808,125.07889671335819,125.34171815091041,88636800
2021-01-14,125.48776245117188,127.52227456444804,125.34173566730958,127.327587039671,90221800
2021-01-15,123.76470947265625,126.76294396711677,123.62842676171266,125.36117045243897,111598500
2021-01-19,124.43641662597656,125.29305945365387,123.570044622059,124.38774103736687,90757300
2021-01-20,128.52488708496094,128.9726816127556,125.13727773804456,125.24435806944973,104319500
2021-01-21,133.23643493652344,135.96210482573608,130.0435120203248,130.24794357484075,120150900
2021-01-22,135.3780517578125,136.1373435501003,131.43556600326772,132.6621108553387,114459400
2021-01-25,139.12579345703125,141.23818305206848,132.91516336360118,139.27182020640586,157611700
2021-01-26,139.359375,140.46910955139577,137.61688781304977,139.78769620469606,98390600
2021-01-27,138.28863525390625,140.46917381461645,136.6824448551771,139.6222601892596,140843800
2021-01-28,133.45057678222656,138.22050212672593,133.07093096645877,135.81607367562873,142621100
2021-01-29,128.45677185058594,133.10987264929705,126.753230328146,132.22402749273948,177523800
2021-02-01,130.57891845703125,131.7860049108473,127.45412937962104,130.19927257414088,106239800
2021-02-02,131.40631103515625,132.69126014883398,131.03639446508643,132.12665611956461,83305400
2021-02-03,130.38418579101562,132.16560504134387,130.06294479305137,132.15586101329262,89880900
2021-02-04,133.7426300048828,133.75235918193923,131.01696020484349,132.68157041122387,84183100
2021-02-05,133.3282470703125,133.97168912108438,132.4508369108214,133.90345338134028,75693800
2021-02-08,133.47450256347656,133.52325088194496,131.53443254526087,132.6165797613071,71297200
2021-02-09,132.59713745117188,134.4202242306219,132.44116358776148,133.19183150339478,76774200
2021-02-10,131.99264526367188,133.5525022619222,131.0274820724659,133.05529021983176,73046600
2021-02-11,131.73919677734375,132.9675743269367,130.41332257065082,132.4898645085888,64280000
2021-02-12,131.97314453125,132.1291332081116,130.33530805190028,130.9787501870301,60145100
2021-02-16,129.84786987304688,132.59709996571863,129.45789813500429,132.09015902011436,80576300
2021-02-17,127.55682373046875,128.90220010245756,126.22120594870577,127.95653915633494,97918500
2021-02-18,126.4551773071289,126.73789375549589,124.21288851935199,125.9579652802824,96856700
2021-02-19,126.61113739013672,127.43007038216886,125.56799488227544,126.97186301044856,87668800
2021-02-22,122.83826446533203,126.46491917771368,122.44830023340782,124.797821900289,103916400
2021-02-23,122.70178985595703,123.53045927947294,115.41923371769597,120.65448673963841,158273000
2021-02-24,122.20457458496094,122.40930413496974,119.16286991288813,121.80486663626253,111039900
2021-02-25,117.95398712158203,123.28672920715788,117.51528197921584,121.5513960656033,148199500
2021-02-26,118.21720886230469,121.71712094720249,118.15870939243611,119.51382934353043,164560400
2021-03-01,124.58335876464844,124.71984514122286,119.70882406427694,120.64473383419431,116307900
2021-03-02,121.98035430908203,125.49001767022227,121.87311395477933,125.18779891061432,102260900
2021-03-03,118.99714660644531,122.55555866097826,118.78266587535208,121.67814086921052,112966300
2021-03-04,117.11557006835938,120.49849839926789,115.64346591859298,118.69492201638303,178155000
2021-03-05,118.3731918334961,118.88014757741405,114.61980182519049,117.94423786319923,153766600
2021-03-08,113.44017028808594,117.96373782106434,113.29393276187487,117.89549463389245,154376600
2021-03-09,118.0514907836914,118.99715180961525,115.80920903774101,116.04318464645965,129525800
2021-03-10,116.9693374633789,119.10437859558475,116.45263053937967,118.63642743151894,111943300
2021-03-11,118.899658203125,120.11829196722469,118.21722627040926,119.4651060547753,103026500
2021-03-12,117.99297332763672,118.12945968982199,116.16990230218398,117.37878469780301,88105100
2021-03-15,120.87871551513672,120.88846666765528,117.39829786101335,118.36346113570012,92403800
2021-03-16,122.4190444946289,124.02764217483661,121.59037521632449,122.5457796988101,115227900
2021-03-17,121.62938690185547,122.7017830040472,119.27010655149442,120.93720389555035,111932600
2021-03-18,117.50552368164062,120.08902837100626,117.30079413178964,119.79655333524822,121229700
2021-03-19,116.97908020019531,118.38294855656439,116.67686143267959,116.89134214689703,185549500
2021-03-22,120.29378509521484,120.76174377054971,117.24232858485148,117.31057178355127,111912300
2021-03-23,119.4651107788086,121.12244978834059,119.07514647128622,120.23528824072892,95467100
2021-03-24,117.07657623291016,119.81606991796893,117.05708136591241,119.73807557407793,88530500
2021-03-25,117.56404113769531,118.60719885311322,116.01394245162524,116.54039316706906,98844700
2021-03-26,118.1684799194336,118.4317089821302,115.93594193373995,117.33005928068575,94071200
2021-03-29,118.34395599365234,119.50409766319855,117.70052126390267,118.59743388740822,80819200
2021-03-30,116.8913345336914,117.37878796591035,115.87743050212212,117.09606408266947,85671900
2021-03-31,119.08488464355469,120.42050239594532,118.10997769999379,118.59743117177423,118323800
2021-04-01,119.91355895996094,121.06394949790783,119.41635431579364,120.5570011392304,75089100
2021-04-05,122.74079132080078,122.99426922039768,119.98180275866349,120.76173132452315,88651200
2021-04-06,123.04301452636719,123.9399272027551,122.49706897342678,123.32573845569713,80171300
2021-04-07,124.69060516357422,124.71010003062226,121.99985979599343,122.67254799737614,83466700
2021-04-08,127.08887481689453,127.11812083629366,125.29504953954824,125.71425240153569,88844600
2021-04-09,129.66265869140625,129.701648434337,126.22123743651113,126.54295860032754,106686700
2021-04-12,127.94680786132812,129.51640882237047,127.35211395991703,129.19468770758402,91420000
2021-04-13,131.05673217773438,131.28097148351077,128.61946483937675,129.11667689697725,91266500
2021-04-14,128.71693420410156,131.61240837850028,128.35622347475837,131.55391635491986,87222800
2021-04-15,131.12498474121094,131.61243821608534,130.286564169391,130.46205515581354,89347100
2021-04-16,130.79351806640625,131.29071524829968,129.9355952026849,130.93000444237106,84922400
2021-04-19,131.4564666748047,132.07066289352065,129.99410605950115,130.1598384774607,94264200
2021-04-20,129.76986694335938,132.12914001786334,128.5024849113631,131.63194282012853,94812300
2021-04-21,130.15008544921875,130.3938122009963,128.00529300875627,129.03869205614907,68847100
2021-04-22,128.62925720214844,130.78379376444718,128.11255758082413,129.7016461870522,84566500
2021-04-23,130.94947814941406,131.72939162695204,128.843676057911,128.843676057911,78657500
2021-04-26,131.33946228027344,131.67092706494682,130.2085666757299,131.44670263718533,66905100
2021-04-27,131.0177459716797,132.01215523774303,130.7447732125093,131.62218352757128,66015800
2021-04-28,130.2280731201172,131.6319415185454,129.74061964154626,130.93975103357886,107760100
2021-04-29,130.13059997558594,133.63052788949472,129.12644681845208,133.04557765920794,151101000
2021-04-30,128.1613006591797,130.20859675143018,127.78108746519726,128.4732632121358,109839500
2021-05-03,129.21412658691406,130.70574751351384,128.52195116516012,128.72667324025528,75135100
2021-05-04,124.64186096191406,128.19052935599137,123.52071640184118,127.89805427494618,137564700
2021-05-05,124.8855972290039,127.17661983745883,124.75885455406909,125.95798604278042,84000900
2021-05-06,126.48444366455078,126.49418737954478,123.93992827849607,124.68085970531065,78128300
2021-05-07,127.15827178955078,128.1836509944488,126.44537008751145,127.78327149877356,78973300
2021-05-10,123.87701416015625,126.50396354467914,123.83795074636984,126.37702048839593,88071200
2021-05-11,122.95903015136719,123.31058591748854,119.892615994426,120.60551014234991,126142800
2021-05-12,119.89263153076172,121.71880695136791,119.38482206893003,120.50787096501224,112172300
2021-05-13,122.04106140136719,123.1934058703671,121.34770266713772,121.66020248327753,105861300
2021-05-14,124.46290588378906,124.8925958309424,122.90040714493377,123.29103369229301,81918000
2021-05-17,123.31058502197266,123.95512006477786,122.23636740121376,123.84769755764366,74244600
2021-05-18,121.92387390136719,124.01371786549493,121.8555147978895,123.59379552967953,63342900
2021-05-19,121.76762390136719,121.99222918408067,119.98051210138631,120.27348393601976,92612000
2021-05-20,124.32621002197266,124.7266043537825,122.16800708745404,122.29496502221474,76857100
2021-05-21,122.49029541015625,125.00006198160735,122.27545036153188,124.82428034642234,79295400
2021-05-24,124.12113189697266,124.94144853323611,122.9883229095211,123.05668200832781,63092900
2021-05-25,123.92582702636719,125.31255193436976,123.35941878581565,124.8242630592938,72009500
2021-05-26,123.87701416015625,124.40435907039624,123.45709177518279,123.98443668542278,56575900
2021-05-27,122.34381103515625,124.6485003034277,122.14850141604893,123.476627687615,94625600
2021-05-28,121.68950653076172,122.85161879427051,121.63091513952054,122.62700604353964,71311100
2021-06-01,121.36723327636719,122.4121552577231,121.03520547415292,122.1484865589402,67637100
2021-06-02,122.12893676757812,122.30471836295723,121.14261374127888,121.36721900446283,59278900
2021-06-03,120.64457702636719,121.92387199310579,120.24418267613345,121.7578580944845,76229200
2021-06-04,122.93949890136719,123.20317504815017,120.94730975584969,121.16215477898149,75169300
2021-06-07,122.94927978515625,123.35943444565716,121.90435770211774,123.21294850959707,71057600
2021-06-08,123.76956939697266,125.44926608565649,123.25199229581943,123.63285119857683,74403800
2021-06-09,124.15043640136719,124.75590806990476,123.55473244780471,124.22856322000109,56877900
2021-06-10,123.15435028076172,125.18560293992083,122.98833637271277,124.04301866252895,71186400
2021-06-11,124.36528778076172,124.45318231886102,123.14458411693292,123.56450647531338,53522400
2021-06-14,127.42193603515625,127.4805274309543,124.09186008030994,124.82428233012304,96906500
2021-06-15,126.60160064697266,127.53910749038236,126.35745994725994,126.89457246686105,62746300
2021-06-16,127.09966278076172,127.82232473272363,125.44928390187147,127.3145078232053,91815000
2021-06-17,128.70120239257812,129.44339964312107,126.61135863661735,126.75785199451342,96721700
2021-06-18,127.40238952636719,128.42776854609338,127.1875445181359,127.64653022652405,108953300
2021-06-21,129.1992645263672,129.3066870329964,126.18168897810015,127.24613887941126,79663300
2021-06-22,130.83990478515625,130.93756704429327,128.53521554050778,129.03327220047046,74783600
2021-06-23,130.56646728515625,131.17194646480604,130.10748149302736,130.63483384623305,60214200
2021-06-24,130.2832794189453,131.4844477920528,129.8145184284701,131.29889842930257,68711000
2021-06-25,129.9902801513672,130.7519979740222,129.69730831930764,130.33208310563106,70783700
2021-06-28,131.62112426757812,132.08010994524813,130.22464670870133,130.28323808863115,62111300
2021-06-29,133.13482666015625,133.29108030597018,131.20123622200433,131.64068656233414,64556100
2021-06-30,133.75006103515625,134.1895113589195,132.68559615169934,132.9785680012639,63261400
2021-07-01,134.0528106689453,134.1114020662822,132.57819096384344,133.3985152300678,52485800
2021-07-02,136.67979431152344,136.71885028366017,134.52158304695848,134.66806156893642,78852600
2021-07-06,138.69146728515625,139.79497322979873,136.78717260963688,136.78717260963688,108181800
2021-07-07,141.1816864013672,141.4941787382535,139.3164479398055,140.17581304211686,104911600
2021-07-08,139.8828887939453,140.68366270138483,137.37311474377276,138.2617906456667,105575500
2021-07-09,141.70899963378906,142.23633688184213,139.30664907870502,139.40431129927467,99890800
2021-07-12,141.11334228515625,142.89069395646402,140.62506082396192,142.78327143895456,76299700
2021-07-13,142.22657775878906,144.00392885947824,140.26369227939267,140.6543113624728,100827100
2021-07-14,145.6543731689453,146.06454276359946,144.2188242911646,144.62899388581874,127050800
2021-07-15,145.00003051757812,146.4844100450272,143.6426089138741,145.74222773188504,106820300
2021-07-16,142.9590301513672,146.2500420755194,142.46098847923267,144.9805223346472,93251400
2021-07-19,139.11138916015625,140.69343127095988,138.34967125172668,140.38092397459488,121434600
2021-07-20,142.7246551513672,143.65240178359875,139.60943216409294,140.09771359109203,96350000
2021-07-21,141.9922332763672,142.7051348899588,141.24029060622254,142.11919121599766,74993500
2021-07-22,143.35943603515625,144.72661812834664,142.39263340422124,142.5195913490058,77338200
2021-07-23,145.07818603515625,145.23443967973952,143.47662343109712,144.09186284341388,71447400
2021-07-26,145.4981231689453,146.31843249256286,144.23834858516193,144.79499663408214,72434100
2021-07-27,143.3301239013672,145.71293947720633,142.13871611344763,145.62503750180875,104818600
2021-07-28,141.58209228515625,143.5254579196167,139.19927630353345,141.4160783718357,118931200
2021-07-29,142.22657775878906,143.11525330913366,141.19142377758013,141.2988462606016,56699500
2021-07-30,142.44143676757812,142.90042243108647,140.7324520335854,140.99612813629884,70440600
2021-08-02,142.10943603515625,143.50591381637727,141.8457598823253,142.92974528711127,62880000
2021-08-03,143.90631103515625,144.57036666149511,141.77739614243097,142.3926355441965,64786600
2021-08-04,143.5059356689453,144.3262450458141,142.851640220645,143.818442994135,56368300
2021-08-05,143.61334228515625,144.37506017943633,142.74420187239215,143.53521546251628,46397700
2021-08-06,142.92869567871094,143.87738193750994,142.42990787270435,143.13408767147246,54126800
2021-08-09,142.8798065185547,143.47640294108896,142.3223394909196,142.9873899692901,48908700
2021-08-10,142.40060424804688,144.46423988872255,142.10719343722454,143.22214257955443,69023100
2021-08-11,142.65484619140625,143.49594899053452,142.332095881143,142.84067348429932,48493500
2021-08-12,145.61827087402344,145.77475859452443,142.63528899224403,142.97760401540364,72282600
2021-08-13,145.82371520996094,146.1562405427538,145.01195165744014,145.69656702598306,59375000
2021-08-16,147.79928588867188,147.8677548726636,143.25147091055382,145.27597699148956,103296000
2021-08-17,146.88973999023438,148.34698930481986,145.8139053280962,146.92885446726953,92229700
2021-08-18,143.14389038085938,147.4080844695857,142.938498348175,146.50830231259667,86326000
2021-08-19,143.4763946533203,144.74783129125242,141.32474068639172,141.8430932126771,86960300
2021-08-20,144.93368530273438,145.23687099584217,143.55466496618592,144.2001657522503,60549600
2021-08-23,146.42030334472656,146.8897517241176,144.64028856581433,145.05105776321832,60131800
2021-08-24,146.33224487304688,147.54500248159704,145.8725714606484,146.1659822444016,48606400
2021-08-25,145.0998992919922,147.0168363075203,144.55220726569513,146.5180336294017,58991300
2021-08-26,144.29795837402344,145.84324134015625,144.26861878609316,145.09017201862116,48597200
2021-08-27,145.33468627929688,145.48138422676655,143.60357588168407,144.23928688537814,55802400
2021-08-30,149.75534057617188,150.11722035437248,145.344448563989,145.7258781178275,90956700
2021-08-31,148.49366760253906,149.44235387734673,147.9655252828058,149.30543085435852,86453100
2021-09-01,149.1587371826172,151.57446255268852,148.99247455645138,149.4717126602179,80313700
2021-09-02,150.27366638183594,151.32016120808433,149.05113406527857,150.48883326342926,71115500
2021-09-03,150.90940856933594,151.2321589268622,149.72599059173956,150.38126619393228,57808700
2021-09-07,153.2469024658203,153.8043695479327,150.99743959102315,151.56469648456283,82278300
2021-09-08,151.7016143798828,153.58919740809037,150.59644021764143,153.53051823549217,74420200
2021-09-09,150.68450927734375,152.6796762315656,150.56713598109823,152.07330474103176,57305700
2021-09-10,145.696533203125,152.0634770377577,145.4324620067416,151.59402874023678,140893200
2021-09-13,146.26380920410156,148.09271327265083,145.48138532354497,147.32007920432878,102404300
2021-09-14,144.8651885986328,147.7503768839939,143.68178564075433,147.0461970563759,109296300
2021-09-15,145.7552490234375,146.156243362569,143.15369564928645,145.29557549779818,83281300
2021-09-16,145.52049255371094,145.69654500672686,143.98499938228917,145.1781923829195,68034100
2021-09-17,142.85047912597656,145.54984051172312,142.55706833315722,145.54984051172312,129868800
2021-09-20,139.79904174804688,141.6572852174671,138.16574008474763,140.64014472255653,123478900
2021-09-21,140.27828979492188,141.42259357419263,139.64257873843403,140.76730289175725,75834000
2021-09-22,142.6450958251953,143.21233776359767,140.54233100418216,141.27585049264187,76404300
2021-09-23,143.60357666015625,143.84808318959392,142.43972319227385,143.42752419874412,64838200
2021-09-24,143.69154357910156,144.22946073445993,142.36142794198307,142.45923648786234,53477900
2021-09-27,142.1756591796875,142.75270596031078,140.65973055901063,142.27346776582567,74150700
2021-09-28,138.7916717529297,141.5692619814985,138.57650484135823,140.10222299723426,108972300
2021-09-29,139.6914825439453,141.2758801966286,138.90905860704783,139.3393925185162,74602000
2021-09-30,138.39068603515625,141.20740583386313,138.17551911033874,140.5032258841864,89056700
2021-10-01,139.515380859375,139.77945201617703,136.05317593342988,138.78186147541723,94639600
2021-10-04,136.08255004882812,139.08509731906585,135.23167212302508,138.6449736382081,98322000
2021-10-05,138.00924682617188,139.11442096062234,136.2977013587978,136.42484951189164,80861100
2021-10-06,138.87969970703125,139.02639764577518,135.32946035449564,136.4052949835953,83221100
2021-10-07,140.14134216308594,141.0509141240026,139.5838750906148,139.91640035654444,61732700
2021-10-08,139.75991821289062,141.01179037767685,139.42739293363346,140.86509243785557,58773200
2021-10-11,139.67190551757812,141.62795772548145,138.69387941362646,139.1437779877816,64452200
2021-10-12,138.4004669189453,140.1022376916366,137.94079346178435,140.08267299121655,73035900
2021-10-13,137.8136749267578,138.29289821199288,136.14124356444967,138.1364253624136,78762700
2021-10-14,140.6010284423828,140.7184017237602,138.40046969110713,138.98729132751163,69907100
2021-10-15,141.65728759765625,141.71596677210917,140.35651117780878,140.61080749842878,67940300
2021-10-18,143.32969665527344,143.61331759603044,140.01418949688554,140.29781043764254,85589200
2021-10-19,145.49114990234375,145.8921441646938,143.32972068785898,143.77960431394027,76378900
2021-10-20,145.9801788330078,146.45941702243417,144.86522961087866,145.43248657280327,58418800
2021-10-21,146.19534301757812,146.35183078139093,144.62072033751141,145.54006729554342,61421000
2021-10-22,145.42269897460938,146.879948270264,145.37379468633046,146.40072504621372,58883400
2021-10-25,145.37380981445312,146.08776474244283,144.3762189390256,145.41292429505054,50720600
2021-10-26,146.0388641357422,147.52545305998103,145.73566350958762,146.04863902426567,60893400
2021-10-27,145.57919311523438,146.43984594803317,145.22710311706854,146.07798106118008,56094900
2021-10-28,149.2174530029297,149.80425972363017,146.43007257824578,146.5278811601097,100077900
2021-10-29,146.50830078125,146.6452238271108,143.19279317037723,143.98499185882136,124953200
2021-11-01,145.68675231933594,146.4104819724985,144.5522386338212,145.71609190400514,74588300
2021-11-02,146.72348022460938,148.23942366972244,145.38357431484795,145.39336412691904,69122000
2021-11-03,148.16119384765625,148.6306422432943,146.52789189067994,147.0853590623447,54511500
2021-11-04,147.642822265625,149.0805068605867,147.32984675958332,148.24919365421385,60394600
2021-11-05,148.17172241210938,149.07281782729038,146.97678796158638,148.76918963737086,65463900
2021-11-08,147.34898376464844,148.45577097835087,147.07473798616405,148.29905483485294,55020900
2021-11-09,147.7113800048828,148.3186363926463,146.97678987957883,147.1139127718246,56787900
2021-11-10,144.88076782226562,147.04536675115244,144.81221384507222,146.93762626246985,65187100
2021-11-11,144.83177185058594,146.35971678839883,144.64567331029048,145.89938743250096,41000000
2021-11-12,146.908203125,147.30976761215257,144.4497658225827,145.38024345128613,63804000
2021-11-15,146.91799926757812,148.75937630755206,146.3597036966309,147.28039221661786,59222800
2021-11-16,147.8974609375,148.3773984758072,146.27156473370576,146.85924274203003,59256200
2021-11-17,150.33631896972656,151.8152883338415,147.88768528692268,147.89747444135526,88807000
2021-11-18,154.6262969970703,155.4098626732955,149.9053395784081,150.5517823821893,137827700
2021-11-19,157.25123596191406,157.71158022509883,153.3138293695712,154.41081232255357,117305600
2021-11-22,157.7115936279297,162.29542845267346,157.69200037488366,158.3580215257173,117467900
2021-11-23,158.0935821533203,158.47556839424874,155.79186060844827,157.8095322884944,96041900
2021-11-24,158.61270141601562,158.8085891260157,156.35995538782916,157.44714936539495,69463600
2021-11-26,153.5880889892578,157.15329885394945,153.14733793761846,156.2913900038225,76959800
2021-11-29,156.94761657714844,157.8780943084946,155.52739720558188,156.09548196515397,88748200
2021-11-30,161.90362548828125,162.11910639926788,156.63416221186944,156.70273111321544,174048100
2021-12-01,161.38458251953125,166.80096002265125,161.14950826261352,164.03889354865572,152052500
2021-12-02,160.395263671875,160.8262255061017,154.55773049536117,155.4784189693417,136739200
2021-12-03,158.51473999023438,161.57064486360198,156.43830349501886,160.64995624545222,118023100
2021-12-06,161.9232635498047,164.43066217672398,160.90462351682206,160.91441267175034,107497000
2021-12-07,167.66282653808594,168.05461686688494,164.88118245734097,165.60598335666447,120405400
2021-12-08,171.48272705078125,172.34465094582615,167.19271577624858,168.59334210569654,116998900
2021-12-09,170.973388671875,173.11839407886248,170.3465390733042,171.31620335113058,108923700
2021-12-10,175.76290893554688,175.93921831838114,171.1007161505561,171.61003610118843,115402700
2021-12-13,172.129150390625,178.38785718223016,171.9234585953343,177.39859965742585,153237000
2021-12-14,170.74810791015625,174.08804749115933,168.67167154672788,171.64920321778123,139380400
2021-12-15,175.6160125732422,175.81190028087914,168.76962734356553,171.5121000863054,131063300
2021-12-16,168.7206268310547,177.4181772656769,167.2416576691539,175.5963934569458,150185800
2021-12-17,167.62364196777344,169.90577001560484,166.20343763112896,166.43849686489142,195432700
2021-12-20,166.26220703125,167.07515510943043,164.01926542394992,164.82240940360504,107499100
2021-12-21,169.4356689453125,169.641345814115,165.64517367936028,168.03504264727704,91185900
2021-12-22,172.0311737060547,172.24665462353272,168.61287637449038,169.4845891969166,92135300
2021-12-23,172.65805053710938,173.21634616947264,171.66880794684926,172.23689273327608,68356600
2021-12-27,176.62484741210938,176.71299463822913,173.43183445537653,173.4514127643316,74919600
2021-12-28,175.60621643066406,177.60430999681327,174.86183712980394,176.45835116267244,79144300
2021-12-29,175.69436645507812,176.9186832802021,174.4798387842566,175.6453907930184,62348900
2021-12-30,174.53858947753906,176.85990415292721,174.4308490078352,175.78249945588863,59773000
2021-12-31,173.92153930664062,175.54742051646397,173.61789621276182,174.43084429030958,64062300
2022-01-03,178.27032470703125,179.12245940789794,174.05868664745196,174.17621628400974,104487900
2022-01-04,176.00778198242188,179.18121654083714,175.43969718796814,178.87758836256972,99310400
2022-01-05,171.3259735107422,176.46810345784326,171.05172777585187,175.9196119880626,94537600
2022-01-06,168.46600341796875,171.69820298422886,168.11339955718992,169.15161788468467,96904000
2022-01-07,168.63250732421875,170.56203191509988,167.51593093187975,169.33771503993543,86709100
2022-01-10,168.65208435058594,168.95571251516662,164.71467747425172,165.6059836604726,106765600
2022-01-11,171.48272705078125,171.58066343731596,167.3102603634751,168.77944066896987,76138300
2022-01-12,171.9234619140625,173.53955411934612,171.22805833783443,172.50133585944042,74805200
2022-01-13,168.65208435058594,172.9910557649256,168.26029402106818,172.16831849084767,84505800
2022-01-14,169.51402282714844,170.20942643626557,167.57469415475944,167.8195575274604,80440800
2022-01-18,166.3112030029297,168.99489595879072,165.9292167455851,167.9860600754121,90956700
2022-01-19,162.8145294189453,167.56488423888524,162.53049451772475,166.5070728064469,94815000
2022-01-20,161.12989807128906,166.19367112950465,160.8066766064742,163.54914953452655,91420500
2022-01-21,159.07302856445312,162.9124840575923,158.96528809380473,161.0417244969125,122848900
2022-01-24,158.29925537109375,158.9652914615593,151.5214395660685,156.73213888196668,162294600
2022-01-25,156.4970703125,159.41583739515477,153.79378418345803,155.71350456711474,115798400
2022-01-26,156.408935546875,161.01236411791442,154.5773622405594,160.14065107987773,108275300
2022-01-27,155.9485626220703,160.47363228871149,155.02787408749768,159.11219273840805,121954600
2022-01-28,166.83029174804688,166.8498849998228,159.45500918063075,162.30522203050273,179935700
2022-01-31,171.18887329101562,171.4043542462614,166.02714940989443,166.66380312140188,115541600
2022-02-01,171.02235412597656,171.2476242171807,168.769608378118,170.43467612383174,86213900
2022-02-02,172.22708129882812,172.26626780396012,169.7686586589768,171.15948068570833,84914300
2022-02-03,169.34747314453125,172.61885859356588,168.58350075012603,170.89501118442868,89418100
2022-02-04,169.06307983398438,170.74008547588204,167.38607419208668,168.36677539536157,82465400
2022-02-07,168.3472137451172,170.59301347126842,167.65090913443373,169.52405248698778,77251200
2022-02-08,171.4560089111328,171.9659777736799,168.12161553517308,168.41582891603926,74829200
2022-02-09,172.87803649902344,173.2408912177467,171.524663818335,172.65247937368048,71285000
2022-02-10,168.79832458496094,172.09348197353535,168.23933255381579,170.7793456546729,90865900
2022-02-11,165.385498046875,169.73981504022757,164.79707116938303,169.00428892552117,98670700
2022-02-14,165.62083435058594,166.30732224292808,163.34560023389338,164.13996586391173,86185500
2022-02-15,169.45538330078125,169.61229911156767,166.96440840288716,167.67051458711066,62527400
2022-02-16,169.2200164794922,169.99476394129306,166.7682631690513,168.53352854543166,61177400
2022-02-17,165.62083435058594,168.5923579851135,165.2187432406735,167.72933608370406,69589300
2022-02-18,164.0713348388672,167.24879755806595,162.98275576839345,166.54270637048876,82772700
2022-02-22,161.14883422851562,163.47309136847835,159.0206993785114,161.79608567118115,91162800
2022-02-23,156.98089599609375,162.9435479364118,156.66706433380475,162.34531942395103,90009200
2022-02-24,159.59933471679688,159.70721245821238,149.06659738297807,149.63540593186767,141147500
2022-02-25,161.66859436035156,161.93337290276583,157.76539291737205,160.6780765984275,91974200
2022-02-28,161.9333953857422,162.22760877136363,159.2953064697166,159.91315308309024,95056600
2022-03-01,160.05044555664062,163.3848388800103,158.84418717486,161.52149747345592,83474400
2022-03-02,163.34564208984375,164.13020629540725,159.80530901896242,161.2175215961132,79724800
2022-03-03,163.02198791503906,165.6502754224143,162.35511815252505,165.21876441640376,76678400
2022-03-04,160.0210418701172,162.35511593567728,158.97169917829748,161.31557487047283,83737200
2022-03-07,156.22572326660156,161.83533601406552,155.97073134624392,160.2073682314536,96418800
2022-03-08,154.401611328125,159.73662866525098,152.7932618336368,155.75498387793954,131148300
2022-03-09,159.80528259277344,160.2564117997747,156.33360638496927,158.36365040568722,91454900
2022-03-10,155.4608154296875,157.29472255769787,152.96982508809484,157.1083868670687,105342000
2022-03-11,151.74392700195312,156.20612146979485,151.51836986465503,155.86286998599314,96970100
2022-03-14,147.71322631835938,151.1456808985897,147.20327241217439,148.527210200246,108732100
2022-03-15,152.09695434570312,152.56770172333492,147.47785980558257,147.9878136848799,92964300
2022-03-16,156.5101318359375,156.9122229988077,151.4791438617729,154.01915688013034,102300200
2022-03-17,157.52024841308594,157.89291972026123,154.58796090972857,155.54904405714797,75615400
2022-03-18,160.81541442871094,161.30576513800085,156.6768532451588,157.41237930909367,123511700
2022-03-21,162.1884002685547,163.13968181166422,159.8641278042269,160.35447849802293,95811400
2022-03-22,165.56198120117188,166.15039293346567,161.72743597716038,162.31584770945418,81532000
2022-03-23,166.9251708984375,169.30826781804822,164.41456305995604,164.74801286692667,98062700
2022-03-24,170.710693359375,170.77933467330854,166.92518550141648,167.75877268098228,90131400
2022-03-25,171.34812927246094,171.89731959636083,169.4161465488256,170.52434378661113,80546200
2022-03-28,172.21115112304688,172.33863211398676,168.68062052174977,168.84733794398963,90371900
2022-03-29,175.50628662109375,175.55530970776783,172.93683939967303,173.28009079226467,100589400
2022-03-30,174.33929443359375,176.1437814426428,173.2899367384836,175.10424033882794,92633200
2022-03-31,171.24026489257812,174.59426174462104,171.03431102289065,174.40792609212167,103049300
2022-04-01,170.946044921875,171.5050518578882,168.62178757896973,170.67144974905557,78751300
2022-04-04,174.996337890625,175.04537594723365,171.07353279095375,171.2010287452735,76468400
2022-04-05,171.6815643310547,174.85904187741096,171.05391610805626,174.0744778575844,73401800
2022-04-06,168.513916015625,170.27918145157616,166.846726701127,169.03368653783352,89058800
2022-04-07,168.81793212890625,170.01438898962488,166.57213259059588,167.85684898260146,77594700
2022-04-08,166.8074493408203,168.46483662226115,165.9346259455677,168.46483662226115,76575500
2022-04-11,162.55123901367188,165.76793805160875,162.306063690876,165.4541214198734,72246700
2022-04-12,164.42437744140625,166.59171885387798,163.4240579625581,164.77743049486364,79265200
2022-04-13,167.1114959716797,167.73914420674996,163.55156041909547,164.1595904381064,70618900
2022-04-14,162.10011291503906,167.96471752203973,161.85493758758528,167.32725269207126,75329400
2022-04-18,161.88438415527344,163.38485607115766,160.41333208367593,160.75656858845937,69023900
2022-04-19,164.16940307617188,164.5813108194766,160.74676487778993,161.83534399523174,67723800
2022-04-20,164.00267028808594,165.62083637298807,162.89448802131358,165.50314204406817,67929800
2022-04-21,163.20831298828125,168.21969736612456,162.70816069883412,165.65026467883652,87227800
2022-04-22,158.6676483154297,164.63031369845396,158.38325153783305,163.2475363117759,84882400
2022-04-25,159.73663330078125,160.0210300948507,155.40193532965264,158.01058942731927,96046400
2022-04-26,153.7739715576172,159.207050342252,153.69551365548884,159.1187908139756,95623200
2022-04-27,153.54843139648438,156.70627626102967,152.38139429047249,152.90116485569044,88063200
2022-04-28,160.48193359375,161.34495538360846,155.86282465033622,156.17665619730724,130216800
2022-04-29,154.60755920410156,162.9925585964128,154.21528465651994,158.7167001847882,131747600
2022-05-02,154.91162109375,155.17639973396098,150.31212849909627,153.68574417467673,123055300
2022-05-03,156.40225219726562,157.60852567132414,153.30324720330452,155.09791756360522,88966500
2022-05-04,162.81600952148438,163.26712367160144,156.18646015369234,156.58855121763597,108256500
2022-05-05,153.7445526123047,160.91347698312873,151.9596689981739,160.68791986588977,130525300
2022-05-06,154.4713134765625,156.59274408051633,151.42666686979732,153.223988771511,116124600
2022-05-09,149.34454345703125,153.047223819661,148.78473018495143,152.163286830581,131577900
2022-05-10,151.75076293945312,153.94095050381605,150.19897670016442,152.7427360024197,115366700
2022-05-11,143.88381958007812,152.67398849573087,143.20613912417974,150.7588143723003,142689800
2022-05-12,140.01419067382812,143.58918770892123,136.32134136947613,140.22044713133192,182602000
2022-05-13,144.48294067382812,145.45526685384394,140.55437184575726,142.00793811597927,113990900
2022-05-16,142.9409942626953,144.88564694988057,141.60528003698874,142.9508252776519,86643800
2022-05-17,146.5749053955078,147.0954395557584,144.06060880808,146.2016865687997,78336300
2022-05-18,138.30528259277344,144.72848648816108,137.40169851030006,144.22759932213285,109742900
2022-05-19,134.8972625732422,139.13029385475133,134.1606557844978,137.38208160836896,136095600
2022-05-20,135.13296508789062,138.18742845795921,130.24190028158935,136.60617864285032,137426100
2022-05-23,140.55438232421875,140.7016976717336,135.19187888015,135.32937819993117,117726300
2022-05-24,137.8534698486328,139.43471927603565,134.87758039617586,138.2954308094958,104132700
2022-05-25,138.0106201171875,139.25792986661668,135.8695424217508,135.95793161918118,92482700
2022-05-26,141.21241760253906,141.7624148884754,134.69099338044722,134.93652895354754,90601500
2022-05-27,146.96775817871094,147.00703727273068,142.66597054796807,142.79365382955837,90978500
2022-05-31,146.1820831298828,147.9695896369507,144.21779816983718,146.4079866904276,103718400
2022-06-01,146.0543670654297,149.03025660842948,145.04274685421817,147.2231036462002,74286600
2022-06-02,148.5097198486328,148.5686459793301,144.2373955374819,145.1900746138875,72348100
2022-06-03,142.78384399414062,145.327588805216,141.88027492949882,144.27668941243508,88570300
2022-06-06,143.5302734375,145.91688699135824,142.31241160472894,144.40437947478588,71598400
2022-06-07,146.0543670654297,146.33918169758047,141.52669111278408,141.77222665254513,67808200
2022-06-08,145.31771850585938,147.19359809864628,144.82664756806574,145.92664167310883,53950200
2022-06-09,140.09278869628906,145.3079623441927,139.98475243487303,144.45350326791345,69473000
2022-06-10,134.68113708496094,138.24630234976115,134.6123799516252,137.7748783865218,91437900
2022-06-13,129.52490234375,132.78560625742455,129.0927574306163,130.49721341200203,122207100
2022-06-14,130.3892059326172,131.49903152365633,129.1320649915738,130.75260877313121,84784300
2022-06-15,133.01148986816406,134.8873847695174,129.79989617338862,131.89184853709685,91533000
2022-06-16,127.73741149902344,130.0258046120006,126.73562226384061,129.72134292932262,108123900
2022-06-17,129.21060180664062,130.70346187381926,127.49185327093232,127.74721978746823,134520300
2022-06-21,133.4436798095703,134.61243163462674,130.93922874022462,131.03743398602646,81000500
2022-06-22,132.93295288085938,135.29990419534238,131.51866571381353,132.38294065988546,73409200
2022-06-23,135.80081176757812,136.11508949160935,133.20795685254018,134.37670851634957,72433800
2022-06-24,139.13026428222656,139.37579982628543,137.27401616859356,137.40168446081998,89116800
2022-06-27,139.13026428222656,140.92758626309347,138.45258378281605,140.1516855515393,70207900
2022-06-28,134.9856414794922,140.85884829692233,134.86778919791305,139.59189131103963,67083400
2022-06-29,136.74368286132812,138.15797032243336,134.22940070216495,135.00530159449806,66242400
2022-06-30,134.27845764160156,135.8989859736656,131.38114169133365,134.79899171123657,98964500
2022-07-01,136.44903564453125,136.5570719073547,133.23744080535928,133.61064472450096,71051600
2022-07-05,139.0320281982422,139.08113829870763,134.48470564577644,135.30971636921956,73353800
2022-07-06,140.3677520751953,141.54631963942614,138.56061414428805,138.82579671678738,74064300
2022-07-07,143.73651123046875,143.93293666537267,140.72132760332855,140.7311436298687,66253700
2022-07-08,144.41416931152344,144.9150713790322,142.41060600038625,142.66595755400886,64547800
2022-07-11,142.282958984375,144.02135515880028,141.21242740803473,143.0686758701149,63141600
2022-07-12,143.25527954101562,145.79902455570198,142.45974665881124,143.15705931439427,77588800
2022-07-13,142.8918914794922,143.8347397140172,139.5820616716197,140.43653568039218,71185600
2022-07-14,145.81866455078125,146.29008864591398,140.69188068401962,141.50706056941064,78140700
2022-07-15,147.4883270263672,148.16600770138874,145.55350523889854,147.10529207782946,76259900
2022-07-18,144.44366455078125,148.86330457327466,144.08026173602485,148.0481247263253,81420900
2022-07-19,148.30345153808594,148.52934001645056,144.2864940964481,145.27845218517842,82982400
2022-07-20,150.30703735351562,150.97490184976564,147.6847194489196,148.42132610705224,64823400
2022-07-21,152.5758056640625,152.79187815956976,149.2266969700013,151.7409787508479,65086600
2022-07-22,151.33827209472656,153.48916568446282,150.67042266234586,152.61505981778862,66675400
2022-07-25,150.21865844726562,152.27133221190695,149.56062491925485,151.2597268643066,53623900
2022-07-26,148.8927764892578,150.3561589035467,148.10705966352916,149.54097900815464,55138700
2022-07-27,153.9900665283203,154.5204317003286,149.4427584043403,149.8552563235132,78620700
2022-07-28,154.54005432128906,154.82486891584517,151.65255435703267,154.17665157972678,81378700
2022-07-29,159.6079559326172,160.70796561063992,156.65171270547043,158.36064587550854,101786900
2022-08-01,158.62579345703125,160.66865118760447,158.01687004208316,158.1347223194791,67829400
2022-08-02,157.152587890625,159.50973846034333,156.7793839981374,157.24099208938756,59907000
2022-08-03,163.16329956054688,163.61507661089456,157.87936937014717,157.96775857743674,82507500
2022-08-04,162.8489990234375,164.20436008201335,161.49363796486168,163.0454244700845,55474100
2022-08-05,162.62277221679688,163.114525365312,160.31152641592973,160.51806934143676,56697000
2022-08-08,162.1506805419922,165.04219149479044,161.49173311508682,163.62594000712474,60276900
2022-08-09,162.1999053955078,163.0850703328182,160.55745118727944,161.31475546531706,63135500
2022-08-10,166.44863891601562,166.54698055787682,164.14722239112217,164.91435623038078,70170500
2022-08-11,165.71099853515625,168.16976453213817,165.41594361409508,167.25509577756023,57149200
2022-08-12,169.261474609375,169.33031226065586,166.60599505436244,167.0190809905204,68039400
2022-08-15,170.33348083496094,170.5301791193321,168.52383260735886,168.6910268994302,54091700
2022-08-16,170.17613220214844,170.84492444042124,168.82873307006977,169.93025557179138,56377100
2022-08-17,171.6710205078125,173.24462151792488,169.72368231700796,169.92038056738267,79542000
2022-08-18,171.27761840820312,172.01524814296215,170.26460810636993,170.88422188584445,62290100
2022-08-19,168.6910400390625,170.8744256820194,168.48449706975865,170.1761294599256,70346300
2022-08-22,164.80616760253906,167.05839055907853,164.38325206492678,166.89119627908354,69026800
2022-08-23,164.47177124023438,165.92737151886493,163.90133572678997,164.32425128292837,54147100
2022-08-24,164.76686096191406,165.33729659583858,163.50797370329437,164.56033297806545,53841500
2022-08-25,167.22560119628906,167.33378750652878,165.57331755675585,165.9962181286182,51218200
2022-08-26,160.9213104248047,168.228770692368,160.86230244265508,167.75669182805456,78961000
2022-08-29,158.7183074951172,160.21322679343027,157.1840395269367,158.4920901611805,73314000
2022-08-30,156.2890167236328,159.87880933569366,155.118641623387,159.45590875707995,77906200
2022-08-31,154.6268768310547,157.9314589229971,154.54819451849457,157.66590799399623,87991100
2022-09-01,155.3546905517578,155.8070951296429,152.11894582091065,154.05645479166745,74229900
2022-09-02,153.2401580810547,157.71511602884905,152.41401615420267,157.11517641377614,76957800
2022-09-06,151.98126220703125,154.49903651153815,151.15512032719968,153.88926726791752,73714800
2022-09-07,153.38768005371094,154.08596126340717,151.07643378022465,152.26648324611122,87449600
2022-09-08,151.91246032714844,153.7811171630645,150.1618044927005,152.08948434003383,84923800
2022-09-09,154.77439880371094,155.21698869351633,152.19761681404773,152.90574262919617,68028800
2022-09-12,160.7344512939453,161.5507634451195,156.67257987610813,156.9577901423654,104956000
2022-09-13,151.30264282226562,157.89213365235918,150.84039354694787,157.26269006575274,122656600
2022-09-14,152.74838256835938,154.50886749732993,151.07642462426648,152.23695501832623,87965400
2022-09-15,149.85691833496094,152.67959290551812,148.88325625935974,152.0993125190004,90481100
2022-09-16,148.2144317626953,148.85372001445614,145.92285973622464,148.71602969989698,162278800
2022-09-19,151.9320831298828,152.01076545240036,146.64082825286496,146.8473562182448,81474200
2022-09-20,154.31216430664062,155.4727097837978,150.5551772691551,150.86989154639073,107689800
2022-09-21,151.18458557128906,156.12179126652225,151.0665696207393,154.74487347927777,101696800
2022-09-22,150.22076416015625,151.92222593073575,148.42094575247768,149.86670127656183,86652500
2022-09-23,147.94886779785156,148.97172290795524,146.10971554201328,148.69634230303134,96029900
2022-09-26,148.2832794189453,151.2337989231627,147.1719122700789,147.19158660210013,93339400
2022-09-27,149.25692749023438,152.16811306913462,147.47678328794686,150.22077457787657,84442700
2022-09-28,147.36862182617188,148.1554300888231,142.451088943501,145.20491035922058,146691400
2022-09-29,140.12998962402344,144.30006222073425,138.3596750779143,143.69029304650877,128138200
2022-09-30,135.9206085205078,140.7397998435746,135.72391020279727,138.9498106360333,124925300
2022-10-03,140.10047912597656,140.71026327900083,135.4189942166646,135.93042173003832,114311700
2022-10-04,143.69029235839844,143.80830832520158,141.88062916042142,142.6379332973476,87830100
2022-10-05,143.98533630371094,144.94918341662517,140.65125008419213,141.69377951288206,79471000
2022-10-06,143.03135681152344,145.1065563258667,142.82482883069895,143.40509411965112,68402200
2022-10-07,137.77944946289062,140.73981422288003,137.15000577763516,140.18903786705042,85925600
2022-10-10,138.10397338867188,139.5497290653031,136.28449546728626,138.10397338867188,74899000
2022-10-11,136.68771362304688,139.01863396780078,135.94025417061508,137.59253769929057,77033700
2022-10-12,136.0583038330078,138.04499143111343,135.88127984271256,136.8352824760686,70433700
2022-10-13,140.63160705566406,141.22170198168052,132.1537703856876,132.76355465182596,113224000
2022-10-14,136.09762573242188,142.1363546632189,135.9107571080086,141.92981170804703,88598000
2022-10-17,140.0611572265625,140.5430657827838,137.95645402263972,138.7432621845146,85250900
2022-10-18,141.37904357910156,144.28038442851894,138.29083411442357,143.09035010046446,99136600
2022-10-19,141.4872589111328,142.55927749459596,139.16618275396215,139.35305140756245,61758300
2022-10-20,141.02496337890625,143.4837290525793,140.29716333693773,140.66107086147935,64522000
2022-10-21,144.8410186767578,145.4114542957378,140.29720805857093,140.51358070739505,86548600
2022-10-24,146.98504638671875,147.75218027161432,143.59195189473937,144.76232705447245,75981900
2022-10-25,149.82737731933594,149.97491229930705,146.89653213741997,147.6144876838341,74732300
2022-10-26,146.88670349121094,149.48316008121265,145.598297355203,148.4701495749658,88194300
2022-10-27,142.4117431640625,146.5916457586151,141.75279561471663,145.62781359762897,109180200
2022-10-28,153.1713104248047,154.90227649289278,145.3819406077306,145.75566287950778,164762400
2022-10-31,150.8108673095703,151.6960320711127,149.41429002672785,150.63384336153183,97943200
2022-11-01,148.16525268554688,152.88608702918296,146.6703335656384,152.52219441549875,80379300
2022-11-02,142.637939453125,149.66017491618842,142.60843546015093,146.49328294195223,93604600
2022-11-03,136.5894012451172,140.444745311601,136.46154058499346,139.71694502591794,97918500
2022-11-04,136.32339477539062,140.5496299805745,132.38284296255216,139.97824816387146,140814800
2022-11-07,136.85536193847656,137.08193945756335,133.6536636073325,135.07226465763827,83374600
2022-11-08,137.42672729492188,139.32803609159419,135.44660566800263,138.32320632796907,89908500
2022-11-09,132.8655548095703,136.49087039963513,132.58971737719733,136.44161049413725,74917800
2022-11-10,144.68724060058594,144.68724060058594,137.4267769783545,139.14092283391125,118854000
2022-11-11,147.4751434326172,147.78053378231226,142.22435652176193,143.65281852957958,93979700
2022-11-14,146.0762481689453,148.04652398997993,145.23887493220099,146.7559957323241,73374100
2022-11-15,147.8101043701172,151.3073474058049,146.35210428518187,149.95771310615612,89868300
2022-11-16,146.57867431640625,147.64262514508096,145.10096733747125,146.91363265596118,64218300
2022-11-17,148.47999572753906,149.22869517163417,143.9779079987764,144.25374542723313,80389400
2022-11-18,149.04151916503906,150.4305673318375,147.74114484123723,150.0463641188946,74829600
2022-11-21,145.81028747558594,148.13521403601513,145.52460403537026,147.9283434491039,58724100
2022-11-22,147.94801330566406,148.1844518302865,144.7463148991296,145.92849249022925,51804100
2022-11-23,148.82479858398438,149.57349802080938,147.1204990929822,147.22886486968167,58301400
2022-11-25,145.90878295898438,146.66734339247978,144.9334909730617,146.10580754336945,35195900
2022-11-28,142.0765838623047,144.46061568789466,141.24907166473017,142.98290889279264,69246000
2022-11-29,139.07192993164062,142.65783165746328,138.2641245866872,142.14555568748492,83763800
2022-11-30,145.82997131347656,146.50971891238402,138.4611435666205,139.29850181511986,111380900
2022-12-01,146.10580444335938,146.9136247638141,144.43107296360157,146.00729966926298,71250400
2022-12-02,145.61325073242188,145.80042936443078,143.48534896644694,143.79075438457457,65447400
2022-12-05,144.45077514648438,148.67701012513257,143.60355595085647,145.5738317516645,68826400
2022-12-06,140.7860870361328,145.11084261882044,139.81079492252832,144.88426506871545,64727200
2022-12-07,138.8453369140625,141.23921477643742,137.91930489039092,140.07675927915528,69721100
2022-12-08,140.5299072265625,141.38698737134578,139.00295559622268,140.24422386630843,62128300
2022-12-09,140.04721069335938,143.40653461732074,138.80592729031733,140.22452830407295,76097000
2022-12-12,142.3425750732422,142.352421040337,138.96354439037955,140.5791698825673,70462700
2022-12-13,143.30801391601562,147.7411345402718,142.0962984876822,147.27811851695523,93886200
2022-12-14,141.0815887451172,144.48031109554833,139.0620532803072,143.1897830028579,82291200
2022-12-15,134.47134399414062,139.69257867211073,134.00832790749715,139.01283101163355,98931900
2022-12-16,132.51087951660156,135.6042115944849,131.74247323835098,134.65848772833485,160156900
2022-12-19,130.40272521972656,133.19066784085936,129.36834224245627,133.1020090197244,79592600
2022-12-20,130.33377075195312,131.26964891983806,127.95958437581338,129.43729149310985,77432800
2022-12-21,133.4369354248047,134.7767236692483,130.77706590433928,131.003643429146,85928000
2022-12-22,130.26480102539062,132.56017450128888,128.3634917913713,132.35330392731453,77852100
2022-12-23,129.90028381347656,130.45195863115794,127.71327647766012,128.97425178436364,63814900
2022-12-27,128.09747314453125,129.4569681847138,126.80694496905855,129.42741525184118,69007800
2022-12-28,124.16679382324219,129.08263031505834,123.99932216789122,127.7428420402377,85438400
2022-12-29,127.68373107910156,128.54079629058208,125.83167442757419,126.08780488461109,75703700
2022-12-30,127.99896240234375,128.01866936965655,125.53612512465858,126.50156359082803,77034200
2023-01-03,123.2112045288086,128.9545531314731,122.32457886036785,128.34377240566315,112117500
2023-01-04,124.48204040527344,126.7478608503369,123.22106494631889,125.00416235162118,89113600
2023-01-05,123.16194152832031,125.87107085400619,122.90581107632524,125.24058317585433,80962700
2023-01-06,127.6935806274414,128.35362127262974,123.03388217385093,124.13723942127505,87754700
2023-01-09,128.21568298339844,131.4272419402479,127.95955255827974,128.53093430540028,70790800
2023-01-10,128.78707885742188,129.30920076375085,126.21586822934367,128.32406282244906,63896200
2023-01-11,131.5060577392578,131.52574967331964,128.52109123972087,129.29934353146365,69458900
2023-01-12,131.42727661132812,132.26463497127472,129.4865533653131,131.89029271765745,71379600
2023-01-13,132.75718688964844,132.914812571895,129.70326821418658,130.0677644513709,57809700
2023-01-17,133.91964721679688,135.24957434953774,132.1365500404185,132.82614355724837,63646600
2023-01-18,133.20050048828125,136.54996329562516,133.0231678517452,134.7865730896908,69672800
2023-01-19,133.25961303710938,134.22504400705918,131.78190613060963,132.08729648616435,58280400
2023-01-20,135.82093811035156,135.96871779350207,132.225191300495,133.26943492058444,80223600
2023-01-23,139.01284790039062,141.1900098722199,135.8505477576372,136.06727935780177,81760300
2023-01-24,140.41172790527344,141.03236969957698,138.21487421828232,138.22472018745663,66435100
2023-01-25,139.7516632080078,140.3131839948148,136.7469896041819,138.7960782416761,65799300
2023-01-26,141.82046508789062,142.10614847767724,139.79106829556534,141.0421976938989,54105100
2023-01-27,143.7611541748047,145.04183634112735,140.95352042033858,141.03233324940567,70555800
2023-01-30,140.87474060058594,143.38684562469143,140.72697590646771,142.80561778514152,64015300
2023-01-31,142.1455535888672,142.19481349464007,140.16543164570373,140.57918779657314,65874500
2023-02-01,143.2686309814453,144.4311017910948,139.21972769926688,141.83033773006647,77663600
2023-02-02,148.5785369873047,148.93317227622254,145.96791197621397,146.6870585876551,118339000
2023-02-03,152.2038116455078,155.04101372137666,145.6329433931969,145.82996797468513,154357300
2023-02-06,149.4749755859375,150.82462478693864,148.53909754834626,150.30250288074524,69858300
2023-02-07,152.35157775878906,152.9229595728958,148.4011799958932,148.4011799958932,83322600
2023-02-08,149.6621551513672,152.28262569889247,148.9233016908853,151.5930321421785,64120100
2023-02-09,148.6277618408203,152.0363458567265,148.18445275739066,151.49451696275133,56007100
2023-02-10,148.99281311035156,149.3184067990407,147.22673043469464,147.46352995054943,57450700
2023-02-13,151.79490661621094,152.1994184714387,148.90403717735236,148.9336352385894,62199000
2023-02-14,151.15354919433594,151.71594235255213,148.84481056104855,150.08797404321209,61707600
2023-02-15,153.25511169433594,153.4228390365263,150.83784167870803,151.06476513520522,65573800
2023-02-16,151.65675354003906,154.24175084931028,151.3015618059057,151.45941308943844,68167900
2023-02-17,150.5122528076172,150.95623873407766,148.83496427712012,150.314927401964,59144100
2023-02-21,146.49659729003906,149.27893490600394,146.42754017987073,148.19362270368532,58867200
2023-02-22,146.92086791992188,147.94696900428042,145.19424437189434,146.88139380804506,51011300
2023-02-23,147.40431213378906,148.33175804369702,145.27317680704334,148.0850975380816,48394200
2023-02-24,144.75025939941406,145.22384336023686,143.77347836618958,145.14491019093927,55469600
2023-02-27,145.944091796875,147.17739437262094,145.48036882399748,145.736905394929,44998500
2023-02-28,145.44091796875,147.08860849628215,144.86866373473268,145.08572620470352,50547000
2023-03-01,143.36898803710938,145.26333941787928,143.07299234059016,144.86868852583132,55479000
2023-03-02,143.96095275878906,144.75026945161636,141.977792498003,142.4513915466776,52238100
2023-03-03,149.01254272460938,149.09147589261863,145.36197027021535,146.06247767198354,70732300
2023-03-06,151.77516174316406,154.21216902598104,151.41010897005816,151.7356876269036,87558000
2023-03-07,149.57493591308594,151.9724687898397,149.11121296034582,151.64687511738626,56182000
2023-03-08,150.82797241210938,151.41996369175047,149.80187125635692,150.768776295138,47204800
2023-03-09,148.57843017578125,152.47566345847628,148.2232384177023,151.50875841619168,53833600
2023-03-10,146.51634216308594,148.92375113671451,145.63823135434072,148.20350666672326,68572400
2023-03-13,148.46002197265625,151.09435428881787,145.72701943515565,145.83555065664373,84457100
2023-03-14,150.55172729492188,151.35090505544113,148.0949978910982,149.25922844223368,73695900
2023-03-15,150.94635009765625,151.20287157254486,147.91735223031125,149.17039166199476,77167900
2023-03-16,153.76815795898438,154.3700101664544,149.6143886164517,150.1274466592856,76161100
2023-03-17,152.9295196533203,154.64628226147335,152.21913616408204,153.99509488717774,98944600
2023-03-20,155.2974853515625,155.71188834819753,152.09089801379864,152.99862213932042,73641400
2023-03-21,157.15235900878906,157.2707512481165,154.44895412275298,155.21854884327422,73938300
2023-03-22,155.7217254638672,159.97415053377057,155.7019884063488,157.17209056471103,75701800
2023-03-23,156.80702209472656,159.39203464017027,155.57371946683134,156.70836691747317,67622100
2023-03-24,158.10939025878906,158.1981844310787,155.74145533462084,156.73795839634036,59196500
2023-03-27,156.16571044921875,158.62245469903792,155.76118357485748,157.8035399490982,52390300
2023-03-28,155.5441131591797,156.3729039229444,153.8964227422894,155.85984584155918,45992200
2023-03-29,158.62245178222656,158.8987103608656,157.22142183199622,157.241143834068,51305700
2023-03-30,160.1912078857422,160.2997391161816,159.11577163727372,159.37229315696538,49501700
2023-03-31,162.6973114013672,162.7959816546598,159.747260520501,160.27017974202465,68749800
2023-04-03,163.95030212402344,164.06869434845072,162.0263532022681,162.07568831410026,56976200
2023-04-04,163.41754150390625,164.61137005549932,162.90448337873613,164.37458557847017,46278300
2023-04-05,161.57252502441406,162.84530192290984,159.6387146980463,162.53944524256352,51511700
2023-04-06,162.46051025390625,162.75650592852264,159.83603835658786,160.2602872813979,45390100
2023-04-10,159.86561584472656,159.86561584472656,157.94166678976978,159.26376357061562,47716900
2023-04-11,158.65203857421875,160.191197704471,158.36590395989919,160.18133670413533,47644200
2023-04-12,157.96142578125,159.8952361057982,157.64569304379242,159.0664602524204,50133100
2023-04-13,163.3484649658203,163.58526449148977,159.26376724154565,159.47096870837692,68445600
2023-04-14,163.00315856933594,164.0983319737809,161.63172656331614,162.39143019016473,49386500
2023-04-17,163.02288818359375,163.18075455042484,161.83892054229136,162.8847588763579,41516200
2023-04-18,164.24630737304688,165.1737533320214,163.4372536454433,163.88125462301093,49923000
2023-04-19,165.3908233642578,165.91374248336922,163.32872989204589,163.58526647837797,47720200
2023-04-20,164.4238739013672,165.62757827712016,163.34843779588732,163.87135682166968,52456400
2023-04-21,162.81568908691406,164.226580111448,162.29276996055185,162.84528714652217,58337300
2023-04-24,163.1215362548828,163.38793383083043,161.70076925644653,162.79594256316088,41949600
2023-04-25,161.58236694335938,164.08843103621228,161.5428928319972,162.98339679746925,48714100
2023-04-26,161.57252502441406,163.07222541881754,160.62535692108122,160.8818784792827,45498800
2023-04-27,166.16038513183594,166.30837541189834,162.98339664348885,162.98339664348885,64902300
2023-04-28,167.41343688964844,167.58117930762924,165.63749302008387,166.23934534853646,55275900
2023-05-01,167.32464599609375,168.17315888477142,166.38733892318547,167.01878932487827,52472900
2023-05-02,166.28868103027344,168.07451617943886,165.30203876342605,167.81797955488014,48425700
2023-05-03,165.21324157714844,168.63689138543253,164.92712194913543,167.23586119850705,65136000
2023-05-04,163.5753631591797,164.80866560341155,162.11513728059836,162.68739142131733,81235400
2023-05-05,171.25148010253906,171.97172463520235,168.4790030974248,168.6960655683585,113453200
2023-05-08,171.1824188232422,171.52774960942492,169.81098679048802,170.17603958076435,55962800
2023-05-09,169.4755096435547,171.22185523763014,169.30778230115573,170.73841026688106,45326900
2023-05-10,171.24159240722656,171.70531537679722,169.60376298512443,170.70881232248743,53724500
2023-05-11,171.4290771484375,172.2578529585823,169.87018071223292,171.52774738748727,49514700
2023-05-12,170.50033569335938,171.97245613352067,168.94915782664347,171.5377307421917,45533100
2023-05-15,170.00634765625,171.13267487374878,169.4135375098661,171.0832715155854,37266700
2023-05-16,170.00634765625,171.0635071571624,169.73958158279842,169.92730529834625,42110300
2023-05-17,170.61892700195312,170.85603902755463,168.37614694646877,169.65068438723694,57951600
2023-05-18,172.95059204101562,173.13831574371522,170.51021405749552,170.92517510124802,65496700
2023-05-19,173.05929565429688,174.2745399441767,172.84193292592303,174.2745399441767,55809500
2023-05-22,172.11077880859375,172.61467191708667,171.36977372037438,171.89341610998645,43570900
2023-05-23,169.50244140625,171.300620989034,169.22580071286586,171.05361929309908,50747300
2023-05-24,169.77906799316406,170.35211368921475,168.47490698639612,169.03806296692736,45143500
2023-05-25,170.91531372070312,171.814388514026,169.63090177565675,170.3422679275043,56058300
2023-05-26,173.32603454589844,173.6619683326656,171.03386649216068,171.24135456411133,54835000
2023-05-30,175.1736297607422,176.8433638660441,174.4523889310648,174.83771102645838,55964400
2023-05-31,175.12420654296875,177.19902686801004,174.64007778024913,175.20324889662425,99625300
2023-06-01,177.93017578125,177.9598147849818,174.8080700646527,175.56883967061256,68901800
2023-06-02,178.77981567382812,179.59986307293,177.11008187963884,178.8588580217184,61996900
2023-06-05,177.42628479003906,182.731877134779,175.90474568833295,180.43970891607717,121946500
2023-06-06,177.06068420410156,177.95975882757918,175.30201843952955,177.81156385551847,64848400
2023-06-07,175.68739318847656,179.03673595726826,175.19338974130497,176.2999526387169,61944600
2023-06-08,178.40440368652344,178.67115468077665,175.3317017878174,175.76641213704826,50214900
2023-06-09,178.78970336914062,180.04446105377914,178.46365934119785,179.3232203666376,48900000
2023-06-12,181.58575439453125,181.68456110008822,178.7995831921066,179.09598823299092,54274900
2023-06-13,181.11155700683594,181.94147925145757,180.2519957588914,180.6076788745564,54929100
2023-06-14,181.74386596679688,182.17859141427,179.8370198890403,181.17082015656314,57462900
2023-06-15,183.77914428710938,184.28303741690132,181.57589328622848,181.7537423543279,65433200
2023-06-16,182.70223999023438,184.74742157511324,182.06004151498252,184.490530124381,101256200
2023-06-20,182.7911376953125,183.86807659469073,182.19834264439277,182.19834264439277,49799100
2023-06-21,181.75375366210938,183.18636063386023,180.40017397466633,182.68246747271866,49515700
2023-06-22,184.7572784423828,184.8066817993699,181.46721386744264,181.53638158238215,51245300
2023-06-23,184.44113159179688,185.3105825386594,182.79116178184807,183.32469398134634,53117000
2023-06-26,183.04803466796875,185.79469252512132,183.00850595123646,184.58932295318664,48088700
2023-06-27,185.8045654296875,186.13060949863421,183.4432296659109,183.66059237854205,50730800
2023-06-28,186.9802703857422,187.62246871870772,185.35006534003824,185.67609428855022,51216800
2023-06-29,187.3162078857422,187.79046201011187,186.67400948819943,186.81232983886036,46347300
2023-06-30,191.64370727539062,192.14758538728958,188.9662018357955,189.33177465497502,85213200
2023-07-03,190.1518096923828,191.5547776450248,189.46019281962833,191.45597092726317,31458200
2023-07-05,189.03536987304688,190.6655752957469,188.33387831143204,189.2724969662243,46920300
2023-07-06,189.50958251953125,189.7170705815605,186.9308841600135,187.56320791106293,45094300
2023-07-07,188.39312744140625,190.35926638037827,187.95841711755844,189.11438325252212,46815000
2023-07-10,186.34796142578125,187.71141562141005,184.79678352776446,186.9901598095207,59922200
2023-07-11,185.82431030273438,187.02967973700999,184.3620645421884,186.89135939582033,46638100
2023-07-12,187.4940643310547,189.4009103170613,186.20965240962747,187.40513225686783,60750200
2023-07-13,188.2548065185547,188.89701997543003,187.5039267878899,188.21529288043007,41342300
2023-07-14,188.40301513671875,188.88712881002033,187.35573036289856,187.948525384943,41616200
2023-07-17,191.6634521484375,191.9894962144421,189.5095893997432,189.598506397075,50520200
2023-07-18,191.40655517578125,191.99936529239264,190.1122686661601,191.03112283932904,48288200
2023-07-19,192.76014709472656,195.8525983579603,190.3395181934612,190.78413334726974,80507300
2023-07-20,190.81378173828125,194.11372124075075,190.19133255294633,192.7502668636511,59581200
2023-07-21,189.63800048828125,192.63165945816274,188.93650912723925,191.77209848932108,71951700
2023-07-24,190.4383087158203,192.57240699977407,189.94430532096735,191.09039681521514,45377800
2023-07-25,191.29786682128906,192.1080396126164,190.6062650944163,191.01135149007996,37283200
2023-07-26,192.1673126220703,193.29363971255637,191.00147189498233,191.34726521155525,47471900
2023-07-27,190.90267944335938,194.83494237556206,190.24071668140024,193.66910156142774,47460200
2023-07-28,193.48135375976562,194.27176213447206,191.81162002559202,192.33526237023054,48291400
2023-07-31,194.0939483642578,194.13347708185938,192.91821776612247,193.70862628447964,38824100
2023-08-01,193.26402282714844,194.37058568804014,192.93797875368105,193.88647197429418,35175100
2023-08-02,190.27035522460938,192.83916391140565,189.54911446715442,192.70084355962268,50389300
2023-08-03,188.8772735595703,190.06287880115997,188.40303447809214,189.2724853572926,61235200
2023-08-04,179.807373046875,185.13272939460776,179.7382053306166,183.2950360404776,115956800
2023-08-07,176.7050323486328,180.93370048918646,175.2230220636036,179.9456936325003,97576100
2023-08-08,177.6436004638672,178.1079648000796,175.45022447284256,177.5349191282476,67823000
2023-08-09,176.05296325683594,178.76009268860713,174.88710720037176,178.7008146829172,60378500
2023-08-10,175.8355712890625,178.58222898523437,175.47001359754938,177.3274561288203,54686900
2023-08-11,175.8949432373047,176.71609814181758,174.66816996475507,175.42996682009903,52036700
2023-08-14,177.5471649169922,177.77470914879805,175.4200724407671,176.07304120627697,43675600
2023-08-15,175.55856323242188,177.56692432110017,175.1628328578025,176.9733287591711,43622600
2023-08-16,174.6879425048828,176.6369303294026,174.61868139075943,175.24197103328896,46964900
2023-08-17,172.14535522460938,175.61793712814787,171.6308936142582,175.25188574378228,66062900
2023-08-18,172.63014221191406,173.23364091556027,170.12711031715548,170.46348268413263,61172200
2023-08-21,173.9656982421875,174.2526155537449,171.88809143364858,173.20391662712854,46311900
2023-08-22,175.34092712402344,175.78612762060905,174.371377027614,175.17274094069768,42038900
2023-08-23,179.18943786621094,179.61486234805133,176.42918310654636,176.61716031274474,52722800
2023-08-24,174.49996948242188,179.16966018527063,174.13390304899033,178.74423570753817,54945800
2023-08-25,176.70620727539062,177.2404448053197,173.9459523611551,175.4893219988908,51449600
2023-08-28,178.2693634033203,178.66509377862053,176.6468447107556,178.17042326142217,43820700
2023-08-29,182.15745544433594,182.9291401969668,177.58670497165372,177.78457014737916,53003900
2023-08-30,185.64984130859375,185.84772159478027,182.77087033679462,182.9687355268348,60813900
2023-08-31,185.86749267578125,187.10416895130786,185.48165028166278,185.8378136528603,60794500
2023-09-01,187.44053649902344,187.8956248663274,186.27310636870047,187.47021551879786,45766500
2023-09-05,187.67799377441406,187.9550080601447,185.6102746073009,186.27313129788112,45280000
2023-09-06,180.96034240722656,186.83702959860793,179.5356891370561,186.39181412957188,81755800
2023-09-07,175.66738891601562,176.31046963604499,171.69023379276553,173.312752460059,112488800
2023-09-08,176.28076171875,178.31881673909905,175.89491935539235,176.44896296342043,65551300
2023-09-11,177.44821166992188,178.3781946740771,175.44973851819339,178.15065045906456,58953100
2023-09-12,174.42083740234375,178.21001559327632,172.95661681425068,177.57683789873767,90370200
2023-09-13,172.3531036376953,175.4101637291933,172.12554433664133,174.62857587906927,84267900
2023-09-14,173.86680603027344,174.2229694212733,171.72982568427443,172.14534712441645,60895800
2023-09-15,173.14456176757812,174.61868528190746,171.967258666553,174.59889423512476,109259500
2023-09-18,176.07302856445312,177.46800307348116,174.2922116482627,174.59890495957814,67257600
2023-09-19,177.16128540039062,177.71531389898738,175.2419616044344,175.6278039585389,51826900
2023-09-20,173.61947631835938,177.78459392537832,173.53042414564908,177.34928142287384,58436200
2023-09-21,172.07608032226562,174.42082885900223,172.006834299268,172.68948203416045,63149100
2023-09-22,172.9269256591797,175.19252525078977,172.19482290064929,172.80820955696336,56725400
2023-09-25,174.2031707763672,175.08368369125543,172.29373473406022,172.3432048049037,46172700
2023-09-26,170.1270751953125,173.33253018900052,169.83026989319274,172.9565908960506,64588900
2023-09-27,168.61338806152344,171.19556880826096,167.24810767663843,170.78004737841366,66921800
2023-09-28,168.87060546875,170.19631868961176,165.83332157268651,167.53498917707262,56294400
2023-09-29,169.38507080078125,171.22524557281096,168.52433390834895,170.18643455541363,51861100
2023-10-02,171.8979949951172,172.4421355524603,169.10804618991,169.39496352748424,52164500
2023-10-03,170.5623779296875,171.77927819729268,168.99923247491208,170.42387079713225,49594600
2023-10-04,171.8089599609375,172.3531005247124,169.14763028223018,169.26634637027362,53020300
2023-10-05,173.04563903808594,173.57987653919332,170.83939772477277,171.93756684563112,48527900
2023-10-06,175.59812927246094,176.09279974358,171.33405713065292,171.947458780219,57266700
2023-10-09,177.0821533203125,177.1415113656987,173.92615307401468,174.9253820623563,42390800
2023-10-10,176.48854064941406,177.80436599291428,176.05322819338144,176.20163840129018,43698000
2023-10-11,177.88351440429688,177.9329844734106,175.70696722860302,176.300562769531,47551100
2023-10-12,178.7838134765625,180.39642899359671,177.13160077070958,178.1506358590928,56743100
2023-10-13,176.9436492919922,179.9908063804386,176.24121051823693,179.48624788964275,51427100
2023-10-16,176.8150177001953,177.17118104988546,174.6285675347915,174.86601479996662,52517000
2023-10-17,175.26174926757812,176.51821654411026,172.93680701299223,174.7670787756051,57549400
2023-10-18,173.9656982421875,175.68715682310025,173.24348362037233,173.70847504574286,54764400
2023-10-19,173.58978271484375,175.9444040866048,173.32265641144056,174.16358722416024,59302900
2023-10-20,171.03729248046875,173.55021220691836,170.79984518424126,173.44138408316581,64244000
2023-10-23,171.156005859375,172.15523490983713,168.1187215150264,169.08828663709707,55980100
2023-10-24,171.59129333496094,171.81883752196748,169.6224994494151,171.20545097606092,43816600
2023-10-25,169.2762451171875,171.21534495437086,168.83102960610762,170.04792986204652,57157000
2023-10-26,165.11111450195312,169.55326090861308,163.90411730631092,168.55401686361284,70625300
2023-10-27,166.4269256591797,167.1590433521086,165.05174242645685,165.13089150916355,58499100
2023-10-30,168.47486877441406,169.34549366723184,167.0700063949142,167.21841659954197,51131000
2023-10-31,168.94976806640625,169.07837213199355,166.1103491096919,167.54490564738762,44846000
2023-11-01,172.1156463623047,172.37286957481675,168.30667766450742,169.1773025316942,56934900
2023-11-02,175.67727661132812,175.88502975328987,173.5897666401313,173.64912468069178,77334800
2023-11-03,174.76707458496094,174.9352758328065,171.50226149314057,172.38277434389337,79829200
2023-11-06,177.319580078125,177.51744525540883,174.3317811800047,174.49996733550321,63841300
2023-11-07,179.88197326660156,180.4953598060514,177.06234560698942,177.27009874628624,70530000
2023-11-08,180.94058227539062,181.4946108426327,179.65443590363796,180.40634475587757,49340300
2023-11-09,180.46568298339844,182.15744752284814,179.87207238589124,181.00982351508927,53763500
2023-11-10,184.65611267089844,184.8245355233408,181.81296804065445,182.2488540012565,66133400
2023-11-13,183.0710906982422,184.28957909475855,182.4866141219331,184.0815522328342,43627500
2023-11-14,185.68638610839844,186.35011603301572,184.55705211313364,185.94394820695575,60108400
2023-11-15,186.2510528564453,187.72711849110286,186.02320887124122,186.09256123667055,53790500
2023-11-16,187.93516540527344,189.173470968727,186.88506958999568,187.79647578680803,54412900
2023-11-17,187.9153594970703,188.5989066274509,186.80584248313986,188.47011800403556,50922700
2023-11-20,189.65884399414062,190.1145470130609,188.10354033806448,188.11344133907264,46505100
2023-11-21,188.85647583007812,189.72824786854497,187.96490178421791,189.61927636373662,38134500
2023-11-22,189.52017211914062,191.12501116236683,189.04466705374648,189.69849596618437,39617700
2023-11-24,188.19271850585938,189.11401054524026,187.47945332619432,189.08429242242372,24048300
2023-11-27,188.01438903808594,188.88616092409407,187.13271615011263,188.14317764380084,40552600
2023-11-28,188.61871337890625,189.29235952290682,187.62806884410938,188.00451860446373,38415400
2023-11-29,187.59832763671875,190.29288164913223,187.2020759179661,189.11401237919708,43014200
2023-11-30,188.17288208007812,188.53943075060016,186.42935355090071,188.06391060225252,48794400
2023-12-01,189.45083618164062,189.76783452208102,187.45963130874318,188.54934617033052,45704800
2023-12-04,187.65774536132812,188.27195511561732,185.6962738498395,188.20260275786183,43389500
2023-12-05,191.61044311523438,192.58127042048946,188.40074973234698,188.43048297188668,66628400
2023-12-06,190.52073669433594,192.93789631295678,190.3126947209947,192.63079897005184,41089700
2023-12-07,192.45249938964844,193.17566559760107,191.7788533108163,191.81848755335412,47477700
2023-12-08,193.87899780273438,194.15637699058263,191.85807501580342,192.38311527251844,53406400
2023-12-11,191.3726806640625,191.6797931299085,189.62915193698308,191.30334341541183,60943700
2023-12-12,192.88839721679688,192.8982982200226,189.92636472047343,191.27364184491046,52696900
2023-12-13,196.1079559326172,196.14757505430106,193.02705149757753,193.26479645974607,70404200
2023-12-14,196.25657653808594,197.75244424587422,194.32482284497263,196.16742216364264,66831600
2023-12-15,195.72161865234375,196.54384019084355,195.15694409646994,195.6819844119138,128538400
2023-12-18,194.05731201171875,194.7903942380946,192.57134555644006,194.2554378492161,55751900
2023-12-19,195.09750366210938,195.10740466398735,194.05732405565033,194.32480226669028,40714100
2023-12-20,193.00726318359375,195.8305908429342,193.00726318359375,195.05788936850126,52242800
2023-12-21,192.858642578125,195.23619818360498,191.6896894536902,194.26537091395173,46482500
2023-12-22,191.7887725830078,193.58183662844655,191.16466173906855,193.35397752019378,37149600
2023-12-26,191.243896484375,192.0760341178965,191.02595351616222,191.79865490672267,28919300
2023-12-27,191.34298706054688,191.68971869633452,189.302261724516,190.6891731516305,48087700
2023-12-28,191.76895141601562,192.8388492190412,191.36278357008254,192.32370988068791,34049900
2023-12-29,190.728759765625,192.58125990446206,189.9362412446781,192.08593771837442,42672100
2024-01-02,183.90322875976562,186.67703614744315,182.16960103197144,185.39909638597572,82488700
2024-01-03,182.52621459960938,184.14096966630487,181.7138790075681,182.4964964795135,58414500
2024-01-04,180.20811462402344,181.37706768373354,179.18775216816366,180.4458595901839,71983600
2024-01-05,179.48495483398438,181.05017488447822,178.48440937769652,180.28738953880892,62379700
2024-01-08,183.82395935058594,183.86359358874157,179.80194579166277,180.38642231817897,59144500
2024-01-09,183.40789794921875,183.41779895114087,181.0204413910758,182.19931060924736,42841800
2024-01-10,184.4480438232422,184.65607063779117,182.19927728349424,182.6252621447648,46792900
2024-01-11,183.8536834716797,185.3000308909078,181.90211286972462,184.7947925921475,49128400
2024-01-12,184.1806182861328,184.99295400827782,183.45745205458948,184.31930790747037,40477800
2024-01-16,181.91204833984375,182.53614407524432,179.2372961857114,180.4557997638508,65603000
2024-01-17,180.97093200683594,181.21859313457642,178.61320834965068,179.57413473456663,47317400
2024-01-18,186.8652801513672,187.37050341346043,184.09147247948349,184.34903461223058,78005800
2024-01-19,189.76785278320312,190.15420352293785,187.0534966021051,187.5587198414397,68903000
2024-01-22,192.07603454589844,193.50256484427592,190.4612794003693,190.5009136397872,60133900
2024-01-23,193.3539581298828,193.91863266844476,192.01659731903075,193.19546652112328,42355600
2024-01-24,192.68032836914062,194.542744606446,192.5218216434054,193.59171936806808,53631300
2024-01-25,192.35345458984375,194.4338142359283,191.30337376286192,193.39363441288603,54822100
2024-01-26,190.6197967529297,192.93790105900956,190.14429166563914,192.45249496932922,44594000
2024-01-29,189.93626403808594,190.40186815816608,187.80638442872507,190.21364328629937,47145600
2024-01-30,186.28076171875,190.00559424490717,185.71610228505008,189.15363947733223,55859400
2024-01-31,182.67483520507812,185.34958738130655,182.6253150741395,185.29013601531707,55467800
2024-02-01,185.11181640625,185.20097077595153,182.1002640289582,182.26867176596141,64885400
2024-02-02,184.1112823486328,185.5774319441079,177.57302274507782,178.1773164815156,102551700
2024-02-05,185.9241485595703,187.47946764726828,184.1013663460926,186.38975267397447,69668800
2024-02-06,187.5290069580078,187.53890796123954,185.0226775811573,185.1118319583491,43490800
2024-02-07,187.6379852294922,189.26264166421876,186.84546657732497,188.8564737765281,53439000
2024-02-08,186.5581817626953,187.7667541606289,185.5972553767356,187.61816353023744,40962000
2024-02-09,187.3219451904297,188.45272038917548,186.47881682618166,187.12355136214254,45155200
2024-02-12,185.63568115234375,187.14338640307878,185.27859346494134,186.8954092628083,41781900
2024-02-13,183.54275512695312,184.70330147289806,182.02513622573113,184.26685928046126,56529500
2024-02-14,182.6599578857422,184.02879656144881,180.9638026996327,183.82050423664703,54630500
2024-02-15,182.37229919433594,182.99720639873473,179.8826142837668,182.06480997798818,65434500
2024-02-16,180.8348388671875,183.35429496994237,180.2000180232841,181.9358579237584,49752500
2024-02-20,180.0908966064453,180.95385211869663,178.543521838827,180.31903131312703,53665600
2024-02-21,180.84478759765625,181.41016764298323,179.19821564929268,180.46785747722194,41371400
2024-02-22,182.878173828125,183.463411373256,180.98364000764028,181.99537582737872,52292200
2024-02-23,181.04315185546875,183.54275049121756,180.75548990166286,183.51299444569602,45119700
2024-02-26,179.69415283203125,181.28119739799624,179.18826979539264,180.7654158601022,40867400
2024-02-27,181.1522674560547,182.43182285515786,178.10710087323727,179.63464855081253,54318900
2024-02-28,179.95204162597656,181.6382830805114,178.67248629654023,181.03321827875988,48953900
2024-02-29,179.28746032714844,181.09274105155225,178.07733075339527,179.80325698202418,136682600
2024-03-01,178.20628356933594,179.06923911535185,175.94473341504965,178.0971730296413,73563100
2024-03-04,173.6831817626953,175.46860492728393,172.38376893378626,174.7246735635979,81510100
2024-03-05,168.7434539794922,170.64791631173568,168.2474997741583,169.37827475690668,95132400
2024-03-06,167.75157165527344,169.85442810491517,167.31512946505867,169.67587669286206,68587700
2024-03-07,167.63253784179688,169.34853532264208,167.12666995146384,167.78131806385875,71765100
2024-03-08,169.34854125976562,172.29451084245372,167.5730316278488,167.63254371875993,76267000
2024-03-11,171.35220336914062,172.96901916174485,170.65787040570808,171.54066841678448,60139500
2024-03-12,171.82830810546875,172.62183794587216,169.62626998762764,171.7489536078961,59825400
2024-03-13,169.74530029296875,171.78862930722158,169.3782838692582,171.3720295685671,52488700
2024-03-14,171.60018920898438,172.8995870640017,170.65787905831203,171.5109210667292,72913500
2024-03-15,171.22325134277344,171.22325134277344,168.91210257419098,169.7849869531436,121752700
2024-03-18,172.31434631347656,176.27206668827822,172.11596763998543,174.1493830977455,75604200
2024-03-19,174.65525817871094,175.18096849600929,171.62993409357304,172.92933186407737,55215200
2024-03-20,177.22430419921875,177.22430419921875,173.67326966604173,174.29817691484007,53423100
2024-03-21,169.9833526611328,176.05384289670778,169.45764237357878,175.61740074055217,106181300
2024-03-22,170.885986328125,171.6497600715003,168.68394836122502,170.37018969692022,71160100
2024-03-25,169.4675750732422,170.54875171721093,168.078894077347,169.1898419011277,54288300
2024-03-26,168.33680725097656,170.0329624014482,168.20785429573576,168.6244540719099,57388400
2024-03-27,171.90765380859375,172.19531573949365,168.7335497446837,169.03112531152695,60273300
2024-03-28,170.0924530029297,170.83638432396197,169.13030061690222,170.36027251639132,65672700
2024-04-01,168.65420532226562,169.86433493378763,168.1086526063626,169.80482284392966,46240500
2024-04-02,167.47381591796875,167.96977013364764,166.86875116942764,167.71187939021036,49329500
2024-04-03,168.27728271484375,169.29894733031932,167.2159484161416,167.42424073989756,47691700
2024-04-04,167.45399475097656,170.5289019190824,167.45399475097656,168.9120862737285,53704400
2024-04-05,168.20782470703125,169.01126807227428,167.58291758503302,168.2177383421046,42104800
2024-04-08,167.0869903564453,167.83092176064616,166.87869803905005,167.6622991252661,37425500
2024-04-09,168.29710388183594,168.70378997636425,166.98779260608748,167.33495148030394,42373800
2024-04-10,166.4224090576172,167.72180678766216,165.75783217031642,167.43415997850798,49709300
2024-04-11,173.62364196777344,174.04025682035402,166.79932237773104,166.97785862713312,91070300
2024-04-12,175.1214599609375,176.9168120397123,172.80039755418966,172.8499808741194,101670900
2024-04-15,171.2926788330078,175.20080068867838,171.10421379905583,173.94107267383276,73531800
2024-04-16,168.0094757080078,172.35402488220237,166.9084566077323,170.360294137519,73711200
2024-04-17,166.640625,169.26917642354965,166.640625,168.2375982616629,50901200
2024-04-18,165.68836975097656,167.2754292189987,165.20234432957687,166.67036449953886,43122900
2024-04-19,163.6649169921875,165.05358296102196,162.75236290762146,164.86513304300607,68149400
2024-04-22,164.49810791015625,165.9066162144586,163.43677364744048,164.18070504913473,48116400
2024-04-23,165.5495147705078,165.69831011966792,163.58554027123327,164.01206877643943,49537800
2024-04-24,167.65237426757812,167.93010742906517,164.86511388137603,165.19243035823263,48251800
2024-04-25,168.51535034179688,169.22952573993217,166.7894239404159,168.15826264272923,50558300
2024-04-26,167.9300994873047,169.95358601606148,167.81106018420974,168.50540819041237,44838400
2024-04-29,172.09613037109375,174.60565774723543,171.69937301226366,171.9671774185786,68169400
2024-04-30,168.9517822265625,173.57407962239418,168.6244505944639,171.92750782528833,65934800
2024-05-01,167.9300994873047,171.31251085120192,167.74163446478235,168.20783263565716,50383100
2024-05-02,171.6299285888672,172.0167723030629,169.50724497899176,171.11413192483198,94214900
2024-05-03,181.8961944580078,185.48689856009224,181.18201909229816,185.13972451400554,163224100
2024-05-06,180.23971557617188,182.70955826534143,178.9601450261929,180.8745364649345,78569700
2024-05-07,180.9241180419922,183.40388947971314,179.8528700999816,181.96562507289974,77305800
2024-05-08,181.26138305664062,181.58871471095884,179.98181248654907,181.37049360808004,45057100
2024-05-09,183.07655334472656,183.16582147443802,180.6364518520254,181.08280763590477,48983000
2024-05-10,181.81512451171875,183.84135574437508,180.9013327671207,183.6526350835399,50759500
2024-05-13,185.02334594726562,185.837821467034,183.37454074079744,184.1890162605658,72044800
2024-05-14,186.1655731201172,187.029714327999,185.0332642686859,186.24503525163803,52393600
2024-05-15,188.44012451171875,189.36384333151435,186.1059718662387,186.6423374407049,70400000
2024-05-16,188.55931091308594,189.81082048816586,188.3805324914181,189.1850657006259,52845200
2024-05-17,188.589111328125,189.52277241007562,187.90376371878457,188.23153932133224,41282900
2024-05-20,189.75120544433594,190.62527366658756,187.73490137733788,188.052749878466,44361300
2024-05-21,191.05239868164062,191.42982486744873,189.63203768676544,189.80088903544183,42309400
2024-05-22,189.6121826171875,191.51924363513825,188.98644290290525,190.97295090373845,34648500
2024-05-23,185.6193084716797,189.71151001586625,185.3709949768945,189.69164069264463,51005900
2024-05-24,188.6983642578125,189.2943226367172,186.771449342652,187.54620129756856,36327000
2024-05-28,188.7083282470703,191.69801725699202,187.82433281517635,190.21806337750198,52280100
2024-05-29,189.0062713623047,190.95305560689752,188.2315345598267,188.33086600869876,53068000
2024-05-30,189.99952697753906,190.88352231957748,189.34399093884022,189.47310363654154,49889100
2024-05-31,190.95306396484375,191.2709124904654,188.62885345568,190.1485307236603,75158300
2024-06-03,192.72103881835938,193.67456916074488,191.22123099586668,191.5986571441052,50080500
2024-06-04,193.0388946533203,194.0023521144802,191.72779227719917,193.32693160548868,47471400
2024-06-05,194.5486297607422,195.5716800296083,193.55537589536917,194.08179923154876,54156800
2024-06-06,193.1680145263672,195.17439165110096,192.86010824182844,194.36985841579607,41181800
2024-06-07,195.561767578125,195.61143330627965,192.83031924399432,193.33687329712626,53103900
2024-06-10,191.81716918945312,195.96897795846326,190.8537117900643,195.5716673445734,97010200
2024-06-11,205.75253295898438,205.762475197422,192.32375155853347,192.34360572370616,172373300
2024-06-12,211.6326141357422,218.7145040828182,205.50422428227435,205.97105482418652,198134300
2024-06-13,212.79470825195312,215.28776993558532,210.17251871917932,213.29133517221976,97862700
2024-06-14,211.0565185546875,213.71843162956222,209.874544034183,212.40734441299963,70122700
2024-06-17,215.2083282470703,217.4729460060793,211.28497823555003,211.93058723086708,93728300
2024-06-18,212.8443603515625,217.15509356895643,211.56306955662498,216.12210108008887,79943300
2024-06-20,208.26547241210938,212.79472296910444,207.4410850045998,212.48680152632818,86172500
2024-06-21,206.0902557373047,210.4605668046439,205.71281440805072,208.9706859649803,241805100
2024-06-24,206.73585510253906,211.2650902197957,205.1963086085621,206.3186903055129,80727000
2024-06-25,207.6596221923828,209.95403652001525,207.20271868130445,207.73906917566717,55549700
2024-06-26,211.8114013671875,213.41054080672134,209.2190079939271,210.07320698316605,66213200
2024-06-27,212.65567016601562,214.28460598729217,210.91747580739147,213.24168634094727,49772700
2024-06-28,209.19912719726562,214.6123729638464,208.8812938369491,214.31439376890182,82542700
2024-07-01,215.28778076171875,216.0426482623776,210.4903626519942,210.65921399467373,60402900
2024-07-02,218.78402709960938,218.89328562800327,213.6489065767971,214.6918109818244,58046200
2024-07-03,220.05538940429688,220.05538940429688,217.55238550522975,218.51584293427166,37369800
2024-07-05,224.8130645751953,224.92232310094593,220.1547017635972,220.1547017635972,60412400
2024-07-08,226.28311157226562,226.31290797690275,221.7439339584199,225.55802531049062,59085900
2024-07-09,227.13729858398438,227.85244261706796,224.84288445944628,226.39235814584333,48076100
2024-07-10,231.4082794189453,231.50761086701095,227.70344677503346,227.75311249906628,62627700
2024-07-11,226.0347900390625,230.82226580227746,224.2469300453064,229.82901193417422,64710600
2024-07-12,228.98475646972656,231.07059580434316,227.13730353661973,227.3756899381295,53046500
2024-07-15,232.81871032714844,235.62962070976812,231.5175501306247,234.88468027763452,62631300
2024-07-16,233.2358856201172,234.67610072880163,230.76267797901863,233.41466404542834,43234300
2024-07-17,227.33596801757812,229.89856501704188,225.11107372236052,227.90211488577285,57345900
2024-07-18,222.6676483154297,228.88542732552744,220.7705449165008,228.7265030667722,66034600
2024-07-19,222.79678344726562,225.2699911539264,221.77373312637206,223.30335264411235,49151500
2024-07-22,222.4491729736328,226.2433953805214,221.585031685846,225.47858555528356,48201800
2024-07-23,223.49203491210938,225.40902265142745,221.17775171010015,222.85635307829335,39960300
2024-07-24,217.065673828125,223.2834521739261,215.66519752054205,222.4888461208958,61777600
2024-07-25,216.02279663085938,219.36013034825794,213.17214762576046,217.45306951901438,51391200
2024-07-26,216.48960876464844,218.00928589319247,214.55275169554088,217.22460688996878,41601300
2024-07-29,216.7677459716797,217.82059272630025,214.294538197557,215.49638213713573,36311800
2024-07-30,217.32395935058594,218.84363662609175,214.6620309808042,217.71132777069818,41643800
2024-07-31,220.58181762695312,222.31008478832948,219.14160257039833,219.94613576688096,50036300
2024-08-01,216.8869171142578,222.96562598955987,215.5559605569344,222.85636745689294,62501000
2024-08-02,218.37681579589844,224.07809897050203,216.24132584869807,217.67159881719564,105568600
2024-08-05,207.85824584960938,212.0597055615941,194.6777624827749,197.74691336614487,119548600
2024-08-06,205.83200073242188,208.5733911865651,199.7135682482994,203.91502798694503,69660500
2024-08-07,208.404541015625,212.19876304064402,204.99767225034321,205.5042262843129,63516400
2024-08-08,211.87100219726562,212.75499762550604,207.42122864939222,211.67235443417223,47161100
2024-08-09,214.78121948242188,215.317569896599,210.54002126961797,210.66914912089348,42201600
2024-08-12,216.3126220703125,218.281537024183,214.39343033300037,214.86080125653766,38028100
2024-08-13,220.0316619873047,220.64818728863202,217.7843004144017,217.7843004144017,44155300
2024-08-14,220.4791717529297,221.78183806687042,218.4704721927748,219.33561365974072,41960600
2024-08-15,223.4623565673828,224.0888356302054,221.51331902381992,223.34303300242357,46414000
2024-08-16,224.78492736816406,225.56056092969672,222.39834972442236,222.66684293368954,44340200
2024-08-19,224.62582397460938,224.72527040192085,221.791767703572,224.4567771868955,40687800
2024-08-20,225.2423553466797,225.89866536829538,224.18828995199718,224.50650638916653,30299000
2024-08-21,225.13296508789062,226.70412456960102,223.7905293550798,225.25230383574092,34765500
2024-08-22,223.27342224121094,227.06209724349452,222.64694316501192,226.51517227009805,43695300
2024-08-23,225.57049560546875,226.9427773475752,223.07454817990703,224.39710671028325,38677300
2024-08-26,225.90858459472656,226.00803101617393,222.6370036872603,225.490936936756,30602200
2024-08-27,226.75384521484375,227.5692634267734,223.63141860700006,224.73520717839608,35934600
2024-08-28,225.22247314453125,228.57360836626125,224.41699349604747,226.64446298605537,38052200
2024-08-29,228.50399780273438,231.61648594304322,227.5991020536236,228.8122756660522,51906300
2024-08-30,227.71841430664062,229.11057321557684,226.2069166530855,228.90175696593346,52990800
2024-09-03,221.52328491210938,227.71841483123856,219.9322331496077,227.27093626472063,50190600
2024-09-04,219.614013671875,220.53880162102288,216.26286364094776,220.41947805942777,43840200
2024-09-05,221.13546752929688,224.2181094473344,220.28027986462445,220.38966486266608,36615400
2024-09-06,219.584228515625,223.9794909727234,218.54010161402243,222.69670172483006,48423000
2024-09-09,219.67369079589844,220.03167667908036,215.49719894103853,219.58419811845144,67180000
2024-09-10,218.878173828125,220.2405018848782,215.517084853391,217.69483113354613,51591000
2024-09-11,221.41390991210938,221.84149617822106,216.6706004766808,220.22062862304543,44587100
2024-09-12,221.52328491210938,222.29891847364556,218.5897974500539,221.25479170284098,37455600
2024-09-13,221.25479125976562,222.78616606005667,220.66809680320824,222.32874892129448,36766600
2024-09-16,215.10939025878906,216.00434741371936,212.72281255665072,215.32814508742544,59357400
2024-09-17,215.57675170898438,215.68613671290518,213.29957412077198,214.5425786319653,45519300
2024-09-18,219.45492553710938,221.46362499015893,216.322545198334,216.33249894497217,59894900
2024-09-19,227.58914184570312,228.53383738270648,223.37288038958053,223.7308662842885,66781300
2024-09-20,226.92288208007812,231.78551472560144,226.34612621296694,228.68298057338347,318679900
2024-09-23,225.20257568359375,228.16589404695566,224.54626569168985,226.06770192621624,54146000
2024-09-24,226.09751892089844,228.06644877557946,224.46669778796843,227.37035418692216,43556100
2024-09-25,225.10313415527344,226.0179836305296,222.76629484001745,223.67119056847437,42308700
2024-09-26,226.2467041015625,227.22121534991766,224.14851196557498,226.02793410267134,36636700
2024-09-27,226.51516723632812,228.2354962210898,226.02791923090672,227.18143093581907,34026000
2024-09-30,231.696044921875,231.696044921875,228.36478670449856,228.75260351180964,54541900
2024-10-01,224.94403076171875,228.36476618305377,222.4878528116685,228.2355040411627,63285000
2024-10-02,225.51083374023438,226.09752818761766,221.771881889721,224.62581519597003,32880600
2024-10-03,224.40704345703125,225.5406628776434,222.0702042586661,223.88001079844628,34044200
2024-10-04,225.53073120117188,226.72401244250622,222.87567550784985,226.6245660168141,37245100
2024-10-07,220.44932556152344,224.4269397639463,220.09133967636964,223.24359711098245,39505400
2024-10-08,224.50650024414062,224.71531649859696,222.00059897690352,223.0447257693685,31855700
2024-10-09,228.25538635253906,228.46421777631028,223.57175408478048,223.96950943919006,33591100
2024-10-10,227.75816345214844,228.21559572335516,225.89863382396234,226.5052205458926,28183500
2024-10-11,226.2765350341797,228.12612627842185,226.0677036085129,228.0167412789572,31759200
2024-10-14,230.00555419921875,230.43314046117197,227.32066753158787,227.4200987868959,39882100
2024-10-15,232.54127502441406,236.16090332060597,231.0695468532438,232.30261271123658,64751400
2024-10-16,230.48284912109375,230.8209426799016,228.55370384388218,230.30386376880503,34082200
2024-10-17,230.85079956054688,232.54129789168553,229.22993194101554,232.12363500920497,32993800
2024-10-18,233.68484497070312,234.8582339303053,232.70037994861724,234.8582339303053,46431500
2024-10-21,235.1565399169922,235.52447953691794,233.13790198735873,233.13790198735873,36254500
2024-10-22,234.54000854492188,234.8979944094582,231.29825861907142,232.58103244918055,38846600
2024-10-23,229.46856689453125,233.82405947286142,226.4853561254601,232.76999409553275,52287000
2024-10-24,229.27964782714844,229.52824872985036,227.13173238618916,228.69293816499177,31109500
2024-10-25,230.1149444580078,231.91481257552053,228.2852454458818,228.4542922398222,38802300
2024-10-28,232.09378051757812,233.41633904858514,231.24854661133642,232.01424158684446,36087100
2024-10-29,232.36228942871094,233.01859945208068,231.01985366097637,231.7954872619061,35417200
2024-10-30,228.81227111816406,232.1634063461827,228.2653461113998,231.30821865562254,47070900
2024-10-31,224.64572143554688,228.54378173572667,224.10873499320775,228.05651850818114,64370100
2024-11-01,221.66249084472656,224.08883784550613,219.03726617591775,219.7333456007168,65276700
2024-11-04,220.76751708984375,221.54315061130296,218.4804011628397,219.75323643771605,44944500
2024-11-05,222.19947814941406,222.6966799421733,219.90240829460964,220.55871830266648,28111300
2024-11-06,221.47354125976562,224.8047989417024,219.95210516998125,221.36415627152132,54561100
2024-11-07,226.2069091796875,226.60467969295215,223.31320645932942,223.37286824297072,42137700
2024-11-08,225.9381561279297,227.63049911588695,225.39062937562588,226.14720213057097,38328800
2024-11-11,223.2204132080078,224.6837958336773,220.5027091275161,223.98695058099833,42005600
2024-11-12,223.2204132080078,224.57429049467865,222.35433519325588,223.53897971785378,40398300
2024-11-13,224.10641479492188,225.62952490733255,221.75703985190805,223.00141185159572,48566200
2024-11-14,227.1924591064453,227.83952645793332,223.98695568104733,224.00686988588794,44923900
2024-11-15,223.98695373535156,225.89830725108274,223.26024476090137,225.38064426033654,47923700
2024-11-18,226.9933624267578,228.70561947942855,224.1561882479486,224.23582987715278,44633700
2024-11-19,227.252197265625,229.123737666772,225.63949596937007,225.95804731142948,36211800
2024-11-20,227.9689483642578,228.89475383274825,224.8729502483013,227.0331781982001,35169600
2024-11-21,227.49110412597656,229.12371949855563,224.69375844400457,227.8494838511811,42108300
2024-11-22,228.8350372314453,229.6812162999479,227.03318893672346,227.03318893672346,38168300
2024-11-25,231.82151794433594,232.19981188776785,228.70562083004268,230.41787789282506,90152800
2024-11-26,234.00167846679688,234.50939199708804,232.2794717613211,232.2794717613211,45986200
2024-11-27,233.8722381591797,234.6288260383393,232.75728573526553,233.41431778082386,33498400
2024-11-29,236.26145935058594,236.73929396987336,232.91658663539664,233.75280101667178,28481400
2024-12-02,238.51126098632812,239.70585504150458,236.0922091638524,236.20171450499868,48137100
2024-12-03,241.55747985839844,241.66698519896212,237.82436396202866,238.73027039850206,38861000
2024-12-04,241.91587829589844,243.01093178619982,240.16380790150487,241.7765092325954,44383900
2024-12-05,241.94573974609375,243.43898620611924,241.03984843814553,242.8914746561807,40033900
2024-12-06,241.7466278076172,243.52857697582414,240.99005511798387,241.81631992920728,36870600
2024-12-09,245.6390380859375,246.12683738886614,240.6615499788263,240.74119161135067,44649200
2024-12-10,246.65443420410156,247.09245556004478,244.23536723926503,245.7783914922151,36914800
2024-12-11,245.38021850585938,249.67081089954078,245.15124311202538,246.84360125039836,45205800
2024-12-12,246.8435821533203,247.62006903646127,244.57383373711528,245.77839247075497,32777500
2024-12-13,247.01283264160156,248.16759835190283,245.13134272203925,246.70423080565516,33155300
2024-12-16,249.90972900390625,250.24820975700106,246.53499250196242,246.8734732550572,51694800
2024-12-17,252.33872985839844,252.68716009783537,248.655391740455,248.95404406138837,51356400
2024-12-18,246.9331817626953,253.13512753347695,246.62457993830327,251.02467749046986,56774100
2024-12-19,248.66534423828125,250.86540066585474,245.97750369773615,246.3856613682502,60882300
2024-12-20,253.34417724609375,253.8518755287198,244.58379575845774,246.92320588947405,147495300
2024-12-23,254.1206817626953,254.49896052911285,252.30886880268173,253.62293295259332,40858800
2024-12-24,257.0374755859375,257.0474099027653,254.14055892454206,254.3396705835317,23234700
2024-12-26,257.8537902832031,258.9289447577566,256.4700643478404,257.02754060124687,27237100
2024-12-27,254.43922424316406,257.53523753189216,251.92061656694878,256.66912911312295,42355300
2024-12-30,251.06448364257812,252.35863351915538,249.6210152068174,251.09434735441482,35557500
2024-12-31,249.29251098632812,252.1396347735265,248.30696287880588,251.30342042234355,39480700
2025-01-02,242.75209045410156,247.97845273823052,240.73123158611202,247.80920478270548,55740700
2025-01-03,242.26431274414062,243.080612931882,240.80092995907523,242.26431274414062,40244100
2025-01-06,243.89691162109375,246.21642284830082,242.10501290585998,243.2100158477468,45045600
2025-01-07,241.11947631835938,244.44443460073458,240.263347789176,241.88599852058522,40856000
2025-01-08,241.60726928710938,242.61273160476242,238.9692066706783,240.83078235887348,37628900
2025-01-10,235.7836151123047,239.0787097724967,231.95094323601768,238.9293760168756,61710900
2025-01-13,233.34463500976562,233.61342361918983,228.68571346021633,232.47855694506205,49630700
2025-01-14,232.2296905517578,235.05690023183175,231.42333988575893,233.69307331230715,39435300
2025-01-15,236.79901123046875,237.88411516800545,233.3744970274307,233.5835582088168,39832000
2025-01-16,227.23228454589844,236.9383864807084,227.0033243432251,236.28136958651152,71759100
2025-01-17,228.9445343017578,231.24413133243607,227.4512878984511,231.07489856287185,68488300
2025-01-21,221.6375732421875,223.40955766052627,218.39225670760806,222.9914505136237,98070400
2025-01-22,222.82223510742188,223.1109227348787,218.80041619812283,218.80041619812283,64126500
2025-01-23,222.65301513671875,226.0078374632505,221.29913768199057,223.72815445577547,60234800
2025-01-24,221.77694702148438,224.614121166801,220.4131202139208,223.76794215782238,54697900
2025-01-27,228.82508850097656,231.10477141655377,222.9715575076631,223.01138591977585,94863400
2025-01-28,237.187255859375,239.1085741517517,229.77080167884077,229.81063008981926,75707600
2025-01-29,238.2823028564453,238.78005164957875,232.9563846938824,233.06589003597526,45486100
2025-01-30,236.520263671875,239.70585285329432,236.14198492507634,237.59540286874542,55658300
2025-01-31,234.9374237060547,246.0770438113447,232.38895238779278,246.0770438113447,100959800
2025-02-03,226.9833984375,230.78620649590428,224.6838014511222,228.95449458875606,73063300
2025-02-04,231.7518310546875,232.08034706669682,225.62951205101965,226.2268166528706,45067300
2025-02-05,231.42332458496094,231.62242106375825,227.24223776986636,227.50106167329415,39620300
2025-02-06,232.16995239257812,232.74734282564026,229.39250557129796,230.24863411824003,29925300
2025-02-07,226.60511779785156,232.94643248808816,226.23677336593994,231.5527419594936,39707200
2025-02-10,226.8741912841797,229.80417456619486,226.42572786906877,228.7876615470872,33115600
2025-02-11,231.8272705078125,234.42837673351212,227.3525813044295,227.42233485023965,53718400
2025-02-12,236.06277465820312,236.15247950770552,229.89386689621963,230.41209906543347,45243300
2025-02-13,240.70687866210938,241.5141157963719,234.76719850951847,236.10262821821914,53614100
2025-02-14,243.76646423339844,244.71322380546283,240.16876569412125,240.427874198087,40896200
2025-02-18,243.6368865966797,244.34445851454996,241.01584434943877,243.31796980618805,48822500
2025-02-19,244.03549194335938,245.17160627919233,242.3313280430039,243.8262161273519,32204200
2025-02-20,244.9922332763672,245.9389927126525,243.45747295470235,244.1052669318995,32316900
2025-02-21,244.71319580078125,247.84249441981407,244.38431857946645,245.11182656230832,53197400
2025-02-24,246.25791931152344,248.01191597096326,243.58704451830639,244.0953010258401,51326400
2025-02-25,246.1981201171875,249.14803959700342,244.0753891604379,247.15485528022737,48013300
2025-02-26,239.5408935546875,244.14514449402503,238.3150894487839,243.49736566903925,44433600
2025-02-27,236.49131774902344,241.6337368385667,236.25213016109495,238.5941277716784,41153600
2025-02-28,241.01583862304688,241.26498665715278,229.41550676334808,236.14250368420718,56833400
2025-03-03,237.2188262939453,243.1983791446907,235.30537120652147,240.96600727263495,47184000
2025-03-04,235.1259765625,239.25188262538288,233.88023638606123,236.89992456399492,53798100
2025-03-05,234.93663024902344,235.7438674276595,228.44880585950324,234.61771347352882,47227600
2025-03-06,234.52804565429688,237.0494227188423,232.36544239217005,233.64107919926062,45170400
2025-03-07,238.2552947998047,240.54744460053885,233.95996981993864,234.30878315837532,46273600
2025-03-10,226.70477294921875,235.35520052510583,223.45588808739058,234.73730306532093,72071200
2025-03-11,220.08741760253906,225.07037859810526,216.70897065581676,223.0472976504486,76137400
2025-03-12,216.24057006835938,220.99431909322652,214.17763213362198,219.38980505207962,62547500
2025-03-13,208.96542358398438,216.10102664759694,207.70972301630272,215.21406028960521,61368300
2025-03-14,212.76246643066406,213.22089031000854,208.86578742228792,210.53009451028822,60107600
2025-03-17,213.27072143554688,214.48656508270392,209.25445626243933,212.58307041465437,48073400
2025-03-18,211.96519470214844,214.4168029665515,210.76928711901598,213.43018643369246,42432400
2025-03-19,214.50650024414062,218.01449366985423,213.02157246340184,213.4899719913265,54385400
2025-03-20,213.37037658691406,216.74882322763474,211.4967785561088,213.2607508466693,48862900
2025-03-21,217.52618408203125,218.09423372936246,210.55999911901452,210.8390437188948,94127800
2025-03-24,219.977783203125,220.7252273230714,217.83511614199446,220.24686734420678,44299500
2025-03-25,222.98748779296875,223.3363011191594,219.32999652191663,220.0176475207108,34493600
2025-03-26,220.77505493164062,224.25316696482244,219.71866969932233,222.7483031053444,34466100
2025-03-27,223.08717346191406,224.22328797900445,219.8083765580053,220.63554992146092,37094800
2025-03-28,217.15740966796875,223.04727255158852,216.93815819229235,220.91456609374504,39818600
2025-03-31,221.37301635742188,224.8511131847691,215.49311362240712,216.27045427307317,65299300
2025-04-01,222.4293975830078,222.91771798921508,218.15400887457568,219.06091135294477,36412700
2025-04-02,223.12701416015625,224.4225869866718,220.2667995775576,220.56578026164416,35905900
2025-04-03,202.49755859375,206.78290782089874,200.56416741637668,204.83954098981803,103419000
2025-04-04,187.738037109375,199.19884701911502,186.70157274086588,193.2292544699453,125910900
2025-04-07,180.84161376953125,193.48835506739644,174.02491207450518,176.59612158290105,160466300
2025-04-08,171.83242797851562,189.69135865616965,168.63337548243626,186.0637635998773,120859500
2025-04-09,198.17234802246094,199.926344669284,171.30421792842867,171.3640110222038,184395900
2025-04-10,189.7710723876953,194.11621470149436,182.37636057603893,188.42568213047016,121880000
2025-04-11,197.4747314453125,198.85999394662434,185.42593581806156,185.46580802047046,87435900
2025-04-14,201.82984924316406,212.2143377637297,200.47448329230923,210.7194495182335,101352900
2025-04-15,201.4511260986328,202.81645240683693,199.11910423874315,201.1720815277121,51343900
2025-04-16,193.6079559326172,200.01603598224625,191.71442177543545,197.68401406478426,59732400
2025-04-17,196.3087158203125,198.15241736523095,193.75744237056688,196.5279673080365,52164700
2025-04-21,192.50172424316406,193.13954254760668,189.16313478921086,192.61134997705832,46742500
2025-04-22,199.059326171875,200.9030125684292,195.3021694205859,195.45165216386687,52976400
2025-04-23,203.90274047851562,207.29114738184992,202.10887173866126,205.29796327240905,52929200
2025-04-24,207.659912109375,208.11835121294007,202.2484237558185,204.1917755069081,47311000
2025-04-25,208.56680297851562,209.0352025034097,205.49729734578435,205.66671618569228,38222300
2025-04-28,209.4238739013672,210.77923983434187,206.7530142372406,209.2843516085664,38743100
2025-04-29,210.490234375,211.51672307140856,207.6599011161091,207.978817902887,36827600
2025-04-30,211.7758331298828,212.8521544830753,205.96569903614,208.58674127234366,52286500
2025-05-01,212.59304809570312,213.82881264887993,208.18809734114114,208.3674918385056,57365700
2025-05-02,204.65020751953125,206.28461806468735,201.4710760745947,205.38767599056177,101010600
2025-05-05,198.21221923828125,203.4044712176219,197.5345438511527,202.40787903175757,69018500
2025-05-06,197.83349609375,199.96620262041338,196.34858356859348,197.5345306234426,51216500
2025-05-07,195.58120727539062,198.7603386318323,192.59143085844198,198.49125449640593,68536700
2025-05-08,196.81698608398438,199.3682595147921,194.0165494128041,197.04619801698016,50478900
2025-05-09,197.8534393310547,199.85658408831688,196.86680762308345,198.32183886048443,36453900
2025-05-12,210.3471221923828,210.82612467262763,206.31561695740214,210.52675192915717,63775800
2025-05-13,212.48263549804688,212.95164926547025,208.56089957562318,209.98788789546765,51909300
2025-05-14,211.8839111328125,213.49052924285678,210.1375877621875,211.98369190366654,49325800
2025-05-15,211.00575256347656,212.51258988469863,209.0997617101353,210.506803034962,45029500
2025-05-16,210.81614685058594,212.12340739052024,209.3292870180407,211.9138418912236,54737900
2025-05-19,208.3413543701172,209.0398806327114,203.83084657536088,207.47318710280226,46140500
2025-05-20,206.42539978027344,208.03201787298204,204.5992426766309,207.23369558110693,42496600
2025-05-21,201.66542053222656,206.6050179110669,200.2883301620853,204.7389515122616,59211800
2025-05-22,200.93695068359375,202.32402973584547,199.28043462788855,200.28832240028711,46742400
2025-05-23,194.8597412109375,197.28462846236872,193.05354646446796,193.2630967266574,78432900
2025-05-27,199.78936767578125,200.31825293342968,197.01519441683536,197.88337691051132,56288500
2025-05-28,199.99893188476562,202.3040763244224,199.48002009942556,200.16857290124128,45339700
2025-05-29,199.5299072265625,203.38179807643976,198.09293019267844,203.15228556391767,51396800
2025-05-30,200.4280242919922,201.53569281345096,196.36656797106642,198.95112277889336,70819900
2025-06-02,201.27622985839844,201.70533435611304,199.69954757512772,199.85921507319503,35423300
2025-06-03,202.8429412841797,203.34189080211323,200.53779694760377,200.92697696252267,46381600
2025-06-04,202.3938751220703,205.80668775064265,201.67538665008354,202.4836823743862,43604000
2025-06-05,200.20848083496094,204.3198198340372,199.72947835269025,203.07244608657666,55126100
2025-06-06,203.49156188964844,205.26782088834017,201.62549563553227,202.57349663849442,46607700
2025-06-09,201.02674865722656,205.56719211084615,199.59976040917107,203.96057412654167,72862600
2025-06-10,202.24420166015625,203.92068000712237,200.14862275986277,200.17855851367187,54672600
2025-06-11,198.36236572265625,204.07034932786254,197.99314795828434,203.0724503091444,60989900
2025-06-12,198.78147888183594,199.26046614106752,196.94534836583952,198.66173587371065,43904600
2025-06-13,196.03726196289062,199.9490243445518,195.2888376882346,199.3103695725812,51447300
2025-06-16,198.0031280517578,198.27256505925683,196.1470352061455,196.8854859861783,43020700
2025-06-17,195.2289581298828,197.97318035709665,194.79986887227625,196.78567812068002,38856200
2025-06-18,196.1669921875,197.15491770400297,194.66017014117494,195.52833742048526,45394700
2025-06-20,200.5777130126953,201.27623931614946,196.44641147314488,197.82351706190548,96813500
2025-06-23,201.07664489746094,201.87496712850407,198.54198818263384,201.20637663769034,55814300
2025-06-24,199.87918090820312,203.0125832870988,199.77938491343542,202.16436301176623,54064000
2025-06-25,201.1365203857422,203.24208788881052,200.19849288768373,201.02675088646447,39525700
2025-06-26,200.5777130126953,202.2142668779585,199.04095514509618,201.00680230384165,50799100
2025-06-27,200.6575469970703,202.79305039965564,199.57981417332658,201.46584280819525,73188600
2025-06-30,204.7389373779297,206.95427439094752,198.84135059390303,201.58557286233471,91912800
2025-07-01,207.3833770751953,209.74839282792448,205.70689884063935,206.23578409144605,78788900
2025-07-02,211.99366760253906,212.8917706186518,207.7026988246806,208.47108532398713,67941800
2025-07-03,213.10133361816406,214.1990133776075,211.3649838836884,211.70426588787655,34955800
2025-07-07,209.50889587402344,215.77570049162512,208.36131809352125,212.23315593085263,50229000
2025-07-08,209.5687713623047,210.98578616820197,208.01205130024096,209.658593847986,42848900
2025-07-09,210.69639587402344,210.8859991217609,206.78463359109693,209.0897778625777,48749400
2025-07-10,211.9637451171875,213.03148920420767,209.58874045798783,210.06772774811225,44443600
2025-07-11,210.7163543701172,211.68431760849728,209.41908263784933,210.12759762046792,39765800
2025-07-14,208.1816864013672,210.46688365912564,207.10395364435493,209.48893166698292,38840100
2025-07-15,208.67066955566406,211.44482767792792,208.48106630115817,208.7804390594974,42296300
2025-07-16,209.7184600830078,211.9537441254909,208.20164932080104,209.85816533566302,47490500
2025-07-17,209.57875061035156,211.3550095983717,209.14964612579556,210.12759810142074,48068100
2025-07-18,210.73631286621094,211.34503189230253,209.25942654413325,210.42696659875526,48974600
2025-07-21,212.03358459472656,215.32665448510335,211.18537954340883,211.65439331220318,51377400
2025-07-22,213.9495391845703,214.49838667908332,211.78410018506472,212.69219192810166,46404100
2025-07-23,213.7000732421875,214.69797228179937,211.9637386583707,214.54829351654996,46989300
2025-07-24,213.31089782714844,215.23685093304425,213.08138530657155,213.45060308663847,46022600
2025-07-25,213.43064880371094,214.7877920897316,212.95164630742312,214.24891808809048,40268800
2025-07-28,213.6002960205078,214.39861831079742,212.61237047326716,213.5803337758995,37858000
2025-07-29,210.8261260986328,214.3586818606333,210.37707459375494,213.73000061776605,51411700
2025-07-30,208.6107940673828,211.94377315400357,207.28358653790625,211.454797150492,45512500
2025-07-31,207.1339111328125,209.39913099136336,206.72476887181696,208.0519764228089,80698400
2025-08-01,201.95480346679688,213.13126916468397,201.07664747870345,210.4269561886582,104434500
2025-08-04,202.9227752685547,207.44325668811337,201.25627047720934,204.0803265791815,75109300
2025-08-05,202.49366760253906,204.90858140720596,201.73526982787092,202.97265486934364,44155100
2025-08-06,212.8019561767578,214.9274858636443,205.15804638253505,205.1979708684584,108483100
2025-08-07,219.56771850585938,220.38600300495352,216.12496995802366,218.42014073215765,90224800
2025-08-08,228.86813354492188,230.51466074526758,218.78934791515115,220.36603010589778,113854000
2025-08-11,226.95997619628906,229.33767612130436,224.54232171734583,227.6992650180531,61806100
2025-08-12,229.42758178710938,230.57647717809445,226.8500938879156,227.78917070894937,55626200
2025-08-13,233.10403442382812,234.77241529044048,230.2068337695816,230.8462285986664,69878500
2025-08-14,232.5545654296875,234.89229562265464,230.6264418350812,233.83332460758467,51916300
2025-08-15,231.36570739746094,234.0531046408583,229.11788646444978,233.77337703316005,56038700
2025-08-18,230.66639709472656,232.89423321308522,229.88715369469057,231.47561022214762,37476200
2025-08-19,230.3367156982422,232.64447617946885,229.1278960385577,231.05601964615855,39402600
2025-08-20,225.79110717773438,230.24679444121838,225.55134937034353,229.75726351111018,42263900
2025-08-21,224.68218994140625,226.30063142153253,223.56327948127884,226.05087353353895,30621200
2025-08-22,227.53941345214844,228.8681272027074,225.1916985271248,225.95095699429655,42477800
2025-08-25,226.94000244140625,229.07792927219558,226.01089520624416,226.26065308481304,30983100
2025-08-26,229.08792114257812,229.26775474756235,224.4724002828088,226.65028173376106,54575100
2025-08-27,230.26678466796875,230.676376013076,228.03893336267103,228.38860049855515,31259500
2025-08-28,232.33477783203125,233.18396075811214,229.11789497993007,230.59647266873003,38074700
2025-08-29,231.91517639160156,233.15398096397084,231.145917853049,232.28481317583598,39418400
2025-09-02,229.49752807617188,230.62643860177437,226.75019132336067,229.02798202980685,44075600
2025-09-03,238.2390594482422,238.6186963224971,234.133039090421,236.98028515930878,66427800
2025-09-04,239.5477752685547,239.66765417218173,236.51072617258424,238.21906152531412,47549400
2025-09-05,239.45787048339844,241.08629675958926,238.25903569310344,239.76756781945676,54870400
2025-09-08,237.64962768554688,239.91741830634814,236.11111057683257,239.06825064349684,48999500
2025-09-09,234.123046875,238.5487492683241,233.13400016518182,236.77047435136637,66313900
2025-09-10,226.5703582763672,232.19491077497392,225.73117543382176,231.96513778704139,83440800
2025-09-11,229.80722045898438,230.22681187017153,226.43048902665416,226.66027725307507,50208600
2025-09-12,233.84332275390625,234.28288383192944,228.79821036620638,228.9980136278554,55824200
2025-09-15,236.47076416015625,237.95932665324483,234.80238330570734,236.77047667310174,42699500
2025-09-16,237.9193572998047,240.98639147239973,236.09114297984144,236.9502954777413,63421100
2025-09-17,238.75856018066406,239.86748583209587,237.4997706474641,238.73857528095925,46508000
2025-09-18,237.64962768554688,240.9664044724694,236.4208079152849,239.737599946219,44249600
2025-09-19,245.26223754882812,246.06146581163878,239.9773675285625,240.99636870073516,163741300
2025-09-22,255.8319854736328,256.3914711896616,247.8797028858207,248.05953649140056,105517400
2025-09-23,254.18359375,257.0907792625319,253.33442606621003,255.63220171436936,60275200
2025-09-24,252.06564331054688,255.4923293909784,250.79686899703333,254.9728287261993,42303700
2025-09-25,256.6212158203125,256.9209435623003,251.466224879955,252.96477212582877,55202100
2025-09-26,255.2126007080078,257.3505275669758,253.5342198150173,253.8539172209246,46076300
2025-09-29,254.18359375,254.75304905914027,252.76497075706976,254.31347273152574,40127700
2025-09-30,254.38340759277344,255.67215158054225,252.8648753735947,254.61318058017173,37704300
2025-10-01,255.20260620117188,258.53938316103813,254.6831055272507,254.7929996074261,48713900
2025-10-02,256.8809814453125,257.9299523535748,253.9038565188199,256.33149581258533,42630200
2025-10-03,257.7701110839844,258.9889308017334,253.70406057825727,254.42336451804394,49155600
2025-10-06,256.44140625,258.819106172963,254.80299514816292,257.7401350456914,44664100
2025-10-07,256.23162841796875,257.15072039039774,255.18262697514498,256.56129542181253,31955800
2025-10-08,257.8100891113281,258.2696351050741,255.8619653198879,256.2715719294531,36496900
2025-10-09,253.79396057128906,257.75013209688524,252.8948383011137,257.5603136690899,38322000
2025-10-10,245.032470703125,256.13171175032437,243.76369637579657,254.69310389004832,61999100
2025-10-13,247.42015075683594,249.44818352992385,245.32217845998096,249.13848619669534,38142900
2025-10-14,247.53004455566406,248.60900042906025,244.46301046499008,246.36117950382103,35478000
2025-10-15,249.09852600097656,251.5761352503302,247.2303418581919,249.24838988167792,33893600
2025-10-16,247.21035766601562,248.79881419551728,244.8926123625184,248.00958596667436,39777000
2025-10-17,252.045654296875,253.13461023404025,247.03052706557392,247.77980070207627,49147000
2025-10-20,261.98602294921875,264.1239650925819,255.3824390623343,255.64218177653177,90483000
2025-10-21,262.5155029296875,265.03308188579996,261.5764108568555,261.6263807259345,46695900
2025-10-22,258.19970703125,262.5954395959732,255.18261234613632,262.3956210979312,45015300
2025-10-23,259.3285827636719,260.36758405794774,257.76012648314656,259.68824995662277,32754900
2025-10-24,262.56549072265625,263.87421967110856,258.9290010880386,260.93706434715574,38253700
2025-10-27,268.5496520996094,268.8593494221352,264.3936774471076,264.6234656652487,44888200
2025-10-28,268.7394714355469,269.6286240979669,267.8902885694659,268.7294713644567,41534800
2025-10-29,269.4388122558594,271.1471476128123,266.85129379808274,269.01920560410514,51086700
2025-10-30,271.13714599609375,273.87451306817263,268.2199910571769,271.72657092903916,69886500
2025-10-31,270.108154296875,277.05143573891627,268.89933466249033,276.721738255342,86167100
2025-11-03,268.7894287109375,270.5877038096653,265.9921525413924,270.15812755648943,50194600
2025-11-04,269.7784729003906,271.22705027239556,267.36080327265466,268.0701070960229,49274800
2025-11-05,269.8783874511719,271.43687417180433,266.67147434431234,268.3498399683747,43683100
2025-11-06,269.50872802734375,273.1352174017799,267.6305743388968,267.6305743388968,51204000
2025-11-07,268.2099914550781,272.02629915101613,266.51162568814635,269.5386899523433,48227400
2025-11-10,269.42999267578125,273.7300109863281,267.4599914550781,268.9599914550781,41312400
2025-11-11,275.25,275.9100036621094,269.79998779296875,269.80999755859375,46208300
2025-11-12,273.4700012207031,275.7300109863281,271.70001220703125,275.0,48398000
2025-11-13,272.95001220703125,276.70001220703125,272.0899963378906,274.1099853515625,49602800
2025-11-14,272.4100036621094,275.9599914550781,269.6000061035156,271.04998779296875,47431300
2025-11-17,267.4599914550781,270.489990234375,265.7300109863281,268.82000732421875,45018300
2025-11-18,267.44000244140625,270.7099914550781,265.32000732421875,269.989990234375,45677300
2025-11-19,268.55999755859375,272.2099914550781,265.5,265.5299987792969,40424500
2025-11-20,266.25,275.42999267578125,265.9200134277344,270.8299865722656,45823600
2025-11-21,271.489990234375,273.3299865722656,265.6700134277344,265.95001220703125,59030800
2025-11-24,275.9200134277344,277.0,270.8999938964844,270.8999938964844,65585800
2025-11-25,276.9700012207031,280.3800048828125,275.25,275.2699890136719,46914200
2025-11-26,277.54998779296875,279.5299987792969,276.6300048828125,276.9599914550781,33431400
2025-11-28,278.8500061035156,279.0,275.989990234375,277.260009765625,20135600
2025-12-01,283.1000061035156,283.4200134277344,276.1400146484375,278.010009765625,46587700
2025-12-02,286.19000244140625,287.3999938964844,282.6300048828125,283.0,53669500
2025-12-03,284.1499938964844,288.6199951171875,283.29998779296875,286.20001220703125,43538700
2025-12-04,280.70001220703125,284.7300109863281,278.5899963378906,284.1000061035156,43989100
2025-12-05,278.7799987792969,281.1400146484375,278.04998779296875,280.5400085449219,47265800
2025-12-08,277.8900146484375,279.6700134277344,276.1499938964844,278.1300048828125,38211800
2025-12-09,277.17999267578125,280.0299987792969,276.9200134277344,278.1600036621094,32193300
2025-12-10,278.7799987792969,279.75,276.44000244140625,277.75,33038300
2025-12-11,278.0299987792969,279.5899963378906,273.80999755859375,279.1000061035156,33248000
2025-12-12,278.2799987792969,279.2200012207031,276.82000732421875,277.8999938964844,39532900
2025-12-15,274.1099853515625,280.1499938964844,272.8399963378906,280.1499938964844,50409100
2025-12-16,274.6099853515625,275.5,271.7900085449219,272.82000732421875,37648600
2025-12-17,271.8399963378906,276.1600036621094,271.6400146484375,275.010009765625,50138700
2025-12-18,272.19000244140625,273.6300048828125,266.95001220703125,273.6099853515625,51630700
2025-12-19,273.6700134277344,274.6000061035156,269.8999938964844,272.1499938964844,144632000
2025-12-22,270.9700012207031,273.8800048828125,270.510009765625,272.8599853515625,36571800
2025-12-23,272.3599853515625,272.5,269.55999755859375,270.8399963378906,29642000
2025-12-24,273.80999755859375,275.42999267578125,272.20001220703125,272.3399963378906,17910600
2025-12-26,273.3999938964844,275.3699951171875,272.8599853515625,274.1600036621094,21521800
2025-12-29,273.760009765625,274.3599853515625,272.3500061035156,272.69000244140625,23715200
2025-12-30,273.0799865722656,274.0799865722656,272.2799987792969,272.80999755859375,22139600
2025-12-31,271.8599853515625,273.67999267578125,271.75,273.05999755859375,27293600
2026-01-02,271.010009765625,277.8399963378906,269.0,272.260009765625,37838100
2026-01-05,267.260009765625,271.510009765625,266.1400146484375,270.6400146484375,45647200
2026-01-06,262.3599853515625,267.54998779296875,262.1199951171875,267.0,52352100
2026-01-07,260.3299865722656,263.67999267578125,259.80999755859375,263.20001220703125,48309800
2026-01-08,259.0400085449219,259.2900085449219,255.6999969482422,257.0199890136719,50419300
2026-01-09,259.3699951171875,260.2099914550781,256.2200012207031,259.0799865722656,39997000
2026-01-12,260.25,261.29998779296875,256.79998779296875,259.1600036621094,45263800
2026-01-13,261.04998779296875,261.80999755859375,258.3900146484375,258.7200012207031,45730800
2026-01-14,259.9599914550781,261.82000732421875,256.7099914550781,259.489990234375,40019400
2026-01-15,258.2099914550781,261.0400085449219,257.04998779296875,260.6499938964844,39388600
2026-01-16,255.52999877929688,258.8999938964844,254.92999267578125,257.8999938964844,72142800
2026-01-20,246.6999969482422,254.7899932861328,243.4199981689453,252.72999572753906,80267500
2026-01-21,247.64999389648438,251.55999755859375,245.17999267578125,248.6999969482422,54641700
2026-01-22,248.35000610351562,251.0,248.14999389648438,249.1999969482422,39708300
2026-01-23,248.0399932861328,249.41000366210938,244.67999267578125,247.32000732421875,41689000
2026-01-26,255.41000366210938,256.55999755859375,249.8000030517578,251.47999572753906,55969200
2026-01-27,258.2699890136719,261.95001220703125,258.2099914550781,259.1700134277344,49648300
2026-01-28,256.44000244140625,258.8599853515625,254.50999450683594,257.6499938964844,41288000
2026-01-29,258.2799987792969,259.6499938964844,254.41000366210938,258.0,67253000
2026-01-30,259.4800109863281,261.8999938964844,252.17999267578125,255.1699981689453,92443400
2026-02-02,270.010009765625,270.489990234375,259.2099914550781,260.0299987792969,73913400
2026-02-03,269.4800109863281,271.8800048828125,267.6099853515625,269.20001220703125,64394700
2026-02-04,276.489990234375,278.95001220703125,272.2900085449219,272.2900085449219,90545700
2026-02-05,275.9100036621094,279.5,273.2300109863281,278.1300048828125,52977400
2026-02-06,278.1199951171875,280.9100036621094,276.92999267578125,277.1199951171875,50420700
2026-02-09,274.0199890136719,278.20001220703125,271.70001220703125,277.9049987792969,19079723
